ID,track_popularity
26266,28.12
26267,37.39
26268,31.72
26269,27.2
26270,31.15
26271,27.62
26272,24.93
26273,32.52
26274,28.84
26275,29.49
26276,24.33
26277,26.26
26278,31.54
26279,26.69
26280,30.33
26281,22.19
26282,31.21
26283,38.08
26284,29.39
26285,34.46
26286,29.49
26287,29.06
26288,27.52
26289,25.49
26290,26.61
26291,34.12
26292,25.4
26293,29.47
26294,29.15
26295,34.14
26296,25.0
26297,29.27
26298,35.43
26299,41.53
26300,37.32
26301,36.34
26302,33.03
26303,38.24
26304,39.93
26305,32.28
26306,36.75
26307,29.67
26308,25.96
26309,37.27
26310,23.52
26311,30.11
26312,29.48
26313,22.02
26314,32.32
26315,34.53
26316,29.33
26317,24.38
26318,27.33
26319,31.24
26320,29.75
26321,27.34
26322,31.5
26323,17.89
26324,33.77
26325,26.49
26326,41.71
26327,33.05
26328,27.63
26329,29.66
26330,27.26
26331,37.12
26332,29.51
26333,35.41
26334,28.72
26335,38.84
26336,40.03
26337,40.56
26338,46.89
26339,34.73
26340,35.35
26341,43.33
26342,35.71
26343,43.79
26344,42.85
26345,44.51
26346,45.35
26347,45.61
26348,45.21
26349,45.21
26350,38.47
26351,35.7
26352,33.2
26353,46.75
26354,28.97
26355,26.19
26356,27.32
26357,34.31
26358,29.7
26359,39.16
26360,26.32
26361,26.12
26362,34.33
26363,36.7
26364,33.96
26365,44.93
26366,42.44
26367,67.88
26368,31.7
26369,43.85
26370,28.78
26371,51.86
26372,41.69
26373,44.6
26374,39.83
26375,35.81
26376,32.24
26377,47.12
26378,30.64
26379,38.9
26380,8.86
26381,43.35
26382,34.99
26383,17.89
26384,52.84
26385,35.93
26386,37.6
26387,36.62
26388,40.54
26389,33.46
26390,30.11
26391,32.6
26392,29.87
26393,28.88
26394,44.89
26395,34.9
26396,33.99
26397,44.62
26398,37.83
26399,36.05
26400,44.87
26401,38.16
26402,45.52
26403,39.99
26404,35.05
26405,36.38
26406,58.48
26407,30.34
26408,22.27
26409,27.46
26410,31.43
26411,34.77
26412,45.06
26413,26.2
26414,33.22
26415,51.98
26416,40.51
26417,44.25
26418,42.23
26419,70.2
26420,46.94
26421,38.47
26422,33.11
26423,44.23
26424,36.36
26425,37.65
26426,36.11
26427,26.86
26428,27.72
26429,41.41
26430,64.0
26431,51.92
26432,44.82
26433,50.71
26434,30.03
26435,39.39
26436,32.22
26437,38.85
26438,45.44
26439,46.56
26440,21.81
26441,29.62
26442,34.95
26443,33.2
26444,37.44
26445,64.4
26446,55.72
26447,22.66
26448,46.74
26449,48.71
26450,63.43
26451,31.07
26452,25.9
26453,36.65
26454,33.9
26455,38.41
26456,33.02
26457,34.52
26458,28.77
26459,24.88
26460,36.71
26461,32.7
26462,27.87
26463,24.36
26464,23.62
26465,30.16
26466,31.01
26467,28.37
26468,25.67
26469,26.47
26470,29.42
26471,30.85
26472,31.13
26473,35.0
26474,26.76
26475,28.38
26476,35.43
26477,29.76
26478,33.68
26479,28.96
26480,31.96
26481,29.3
26482,28.62
26483,30.7
26484,27.76
26485,43.01
26486,31.68
26487,42.74
26488,37.56
26489,39.09
26490,28.14
26491,27.34
26492,21.11
26493,26.74
26494,31.72
26495,36.81
26496,28.43
26497,33.07
26498,32.49
26499,29.99
26500,26.81
26501,31.95
26502,34.29
26503,30.33
26504,30.74
26505,31.73
26506,28.58
26507,8.08
26508,29.77
26509,36.46
26510,36.33
26511,26.26
26512,47.65
26513,10.7
26514,29.9
26515,27.9
26516,31.48
26517,36.24
26518,32.1
26519,21.62
26520,28.81
26521,36.21
26522,34.77
26523,25.54
26524,27.22
26525,33.98
26526,38.78
26527,29.43
26528,34.94
26529,38.05
26530,37.34
26531,28.04
26532,32.25
26533,30.56
26534,30.7
26535,28.16
26536,29.6
26537,24.54
26538,30.23
26539,25.92
26540,28.77
26541,32.98
26542,30.41
26543,31.44
26544,33.79
26545,34.14
26546,35.32
26547,28.45
26548,29.22
26549,31.6
26550,25.01
26551,39.77
26552,39.25
26553,34.92
26554,26.59
26555,30.31
26556,59.87
26557,31.94
26558,16.06
26559,40.06
26560,27.95
26561,33.82
26562,31.65
26563,32.94
26564,32.93
26565,29.69
26566,27.17
26567,14.5
26568,33.86
26569,29.26
26570,30.9
26571,37.36
26572,12.26
26573,25.86
26574,30.01
26575,31.7
26576,33.37
26577,33.63
26578,33.21
26579,33.05
26580,34.77
26581,35.14
26582,20.65
26583,11.99
26584,26.95
26585,35.53
26586,40.3
26587,33.12
26588,33.91
26589,23.75
26590,15.88
26591,26.11
26592,38.29
26593,57.8
26594,26.35
26595,76.46
26596,43.15
26597,29.16
26598,55.01
26599,43.32
26600,48.03
26601,58.38
26602,43.35
26603,37.9
26604,33.71
26605,30.8
26606,26.53
26607,42.1
26608,37.97
26609,27.72
26610,37.58
26611,56.52
26612,37.02
26613,45.4
26614,55.62
26615,52.1
26616,42.22
26617,57.68
26618,64.99
26619,38.16
26620,43.72
26621,46.54
26622,21.64
26623,31.16
26624,35.87
26625,42.05
26626,30.08
26627,28.34
26628,29.98
26629,23.78
26630,37.77
26631,14.3
26632,35.06
26633,24.7
26634,37.34
26635,39.96
26636,29.46
26637,32.74
26638,33.27
26639,39.97
26640,38.82
26641,37.62
26642,34.34
26643,31.88
26644,28.9
26645,24.73
26646,36.94
26647,28.74
26648,31.34
26649,31.76
26650,47.69
26651,36.09
26652,31.09
26653,40.78
26654,39.79
26655,26.27
26656,28.37
26657,34.7
26658,53.91
26659,34.29
26660,44.59
26661,34.24
26662,30.43
26663,38.14
26664,39.65
26665,31.88
26666,32.49
26667,28.93
26668,37.43
26669,27.34
26670,28.66
26671,30.42
26672,29.68
26673,45.29
26674,38.74
26675,32.12
26676,41.77
26677,33.05
26678,28.14
26679,34.67
26680,36.02
26681,33.6
26682,35.91
26683,31.41
26684,20.97
26685,33.13
26686,21.49
26687,58.37
26688,38.93
26689,37.41
26690,31.47
26691,41.12
26692,28.4
26693,36.82
26694,28.64
26695,26.58
26696,37.04
26697,48.24
26698,26.85
26699,33.06
26700,36.59
26701,25.91
26702,34.23
26703,47.67
26704,37.6
26705,32.13
26706,40.8
26707,39.11
26708,28.99
26709,29.56
26710,19.51
26711,24.7
26712,36.41
26713,32.87
26714,30.18
26715,59.09
26716,34.35
26717,37.19
26718,27.94
26719,33.98
26720,34.62
26721,40.84
26722,33.88
26723,39.37
26724,33.26
26725,35.75
26726,35.46
26727,33.85
26728,35.45
26729,32.95
26730,31.65
26731,36.77
26732,34.99
26733,28.36
26734,31.55
26735,30.97
26736,31.92
26737,25.99
26738,44.76
26739,33.59
26740,35.87
26741,48.91
26742,34.43
26743,25.35
26744,37.05
26745,35.09
26746,33.66
26747,27.2
26748,33.68
26749,43.21
26750,41.0
26751,46.82
26752,49.18
26753,37.85
26754,39.95
26755,36.25
26756,40.59
26757,28.14
26758,33.39
26759,28.78
26760,20.07
26761,47.05
26762,39.82
26763,35.63
26764,46.32
26765,40.25
26766,28.53
26767,29.95
26768,31.9
26769,32.68
26770,34.82
26771,70.35
26772,40.54
26773,37.56
26774,31.19
26775,30.73
26776,53.14
26777,38.44
26778,44.1
26779,38.8
26780,28.11
26781,27.53
26782,51.56
26783,29.73
26784,28.09
26785,34.02
26786,23.84
26787,32.46
26788,40.06
26789,34.86
26790,21.23
26791,22.13
26792,34.65
26793,25.02
26794,33.23
26795,37.13
26796,35.24
26797,35.35
26798,35.6
26799,43.69
26800,43.44
26801,40.53
26802,32.37
26803,34.38
26804,45.48
26805,46.31
26806,38.71
26807,45.62
26808,34.84
26809,27.66
26810,34.08
26811,38.37
26812,42.25
26813,40.61
26814,43.83
26815,59.56
26816,38.76
26817,67.56
26818,48.09
26819,36.64
26820,32.1
26821,22.72
26822,38.71
26823,33.58
26824,62.83
26825,35.11
26826,28.87
26827,63.44
26828,33.05
26829,37.65
26830,33.94
26831,52.02
26832,38.3
26833,38.88
26834,39.18
26835,33.59
26836,41.14
26837,63.24
26838,44.98
26839,10.37
26840,34.7
26841,36.89
26842,40.9
26843,37.51
26844,35.06
26845,26.54
26846,38.97
26847,22.01
26848,39.86
26849,40.17
26850,42.8
26851,25.44
26852,50.96
26853,59.52
26854,71.49
26855,37.1
26856,40.75
26857,56.86
26858,38.69
26859,49.73
26860,44.03
26861,38.79
26862,48.12
26863,37.22
26864,37.54
26865,40.26
26866,40.49
26867,42.8
26868,56.98
26869,44.16
26870,42.72
26871,42.3
26872,54.7
26873,34.41
26874,33.54
26875,41.11
26876,40.51
26877,47.22
26878,65.26
26879,41.95
26880,54.08
26881,40.07
26882,45.73
26883,33.08
26884,40.36
26885,39.62
26886,43.76
26887,51.06
26888,55.5
26889,39.14
26890,34.83
26891,41.42
26892,59.41
26893,46.57
26894,36.63
26895,69.56
26896,47.37
26897,57.62
26898,38.26
26899,44.57
26900,46.73
26901,41.71
26902,52.66
26903,40.59
26904,35.57
26905,44.61
26906,51.57
26907,35.87
26908,47.02
26909,46.89
26910,33.05
26911,44.73
26912,43.35
26913,38.51
26914,50.06
26915,40.35
26916,43.27
26917,69.67
26918,42.95
26919,37.37
26920,36.69
26921,41.57
26922,35.99
26923,36.91
26924,39.76
26925,46.33
26926,37.93
26927,34.35
26928,41.04
26929,40.65
26930,41.07
26931,36.35
26932,40.32
26933,32.38
26934,37.69
26935,40.37
26936,44.67
26937,45.64
26938,39.59
26939,36.0
26940,42.72
26941,37.93
26942,40.99
26943,38.33
26944,45.88
26945,47.82
26946,38.25
26947,32.93
26948,34.78
26949,30.48
26950,34.54
26951,34.84
26952,37.92
26953,39.59
26954,39.51
26955,39.71
26956,45.42
26957,36.57
26958,39.42
26959,32.49
26960,45.16
26961,32.19
26962,41.54
26963,34.98
26964,42.41
26965,40.72
26966,34.5
26967,38.1
26968,34.21
26969,39.42
26970,35.5
26971,25.85
26972,39.65
26973,50.68
26974,43.29
26975,35.32
26976,30.98
26977,34.61
26978,52.73
26979,41.67
26980,36.68
26981,27.52
26982,41.64
26983,45.06
26984,35.46
26985,45.29
26986,36.32
26987,39.41
26988,40.28
26989,38.87
26990,41.44
26991,37.71
26992,49.4
26993,33.05
26994,37.12
26995,38.61
26996,39.55
26997,38.17
26998,34.67
26999,33.43
27000,41.33
27001,33.56
27002,39.97
27003,40.94
27004,34.82
27005,37.2
27006,37.45
27007,27.45
27008,34.97
27009,41.65
27010,24.94
27011,41.02
27012,43.36
27013,32.27
27014,34.69
27015,32.56
27016,35.96
27017,31.67
27018,33.26
27019,31.37
27020,40.19
27021,31.37
27022,37.63
27023,38.61
27024,52.17
27025,31.98
27026,33.76
27027,42.07
27028,35.66
27029,34.28
27030,38.06
27031,37.1
27032,40.91
27033,49.93
27034,43.27
27035,34.54
27036,47.36
27037,40.24
27038,38.92
27039,37.46
27040,38.55
27041,35.78
27042,37.64
27043,25.21
27044,32.63
27045,37.55
27046,40.64
27047,34.15
27048,42.64
27049,36.65
27050,43.52
27051,30.41
27052,37.05
27053,45.16
27054,33.23
27055,34.18
27056,34.59
27057,37.54
27058,21.73
27059,36.31
27060,37.46
27061,38.5
27062,45.24
27063,40.17
27064,37.57
27065,33.16
27066,26.3
27067,41.72
27068,42.01
27069,40.16
27070,40.86
27071,28.06
27072,41.02
27073,41.91
27074,38.7
27075,40.33
27076,45.03
27077,34.55
27078,39.04
27079,41.61
27080,37.38
27081,35.05
27082,36.96
27083,41.13
27084,37.74
27085,37.57
27086,38.86
27087,44.58
27088,41.08
27089,29.13
27090,32.62
27091,39.29
27092,41.0
27093,42.42
27094,38.9
27095,36.51
27096,41.41
27097,34.45
27098,41.23
27099,44.64
27100,44.46
27101,38.08
27102,38.13
27103,33.51
27104,40.85
27105,37.8
27106,30.28
27107,40.0
27108,33.53
27109,32.59
27110,29.84
27111,39.55
27112,40.83
27113,39.26
27114,41.35
27115,34.16
27116,33.71
27117,31.02
27118,38.45
27119,33.04
27120,32.6
27121,40.93
27122,38.5
27123,29.76
27124,28.87
27125,25.05
27126,39.14
27127,38.6
27128,40.22
27129,36.09
27130,36.92
27131,42.45
27132,34.36
27133,33.42
27134,41.38
27135,35.9
27136,34.9
27137,39.6
27138,29.6
27139,39.37
27140,37.9
27141,32.26
27142,29.44
27143,43.26
27144,42.04
27145,31.84
27146,27.76
27147,32.59
27148,25.27
27149,43.99
27150,32.0
27151,25.29
27152,37.31
27153,37.67
27154,31.05
27155,41.14
27156,42.54
27157,40.33
27158,32.17
27159,37.69
27160,33.74
27161,28.31
27162,38.38
27163,38.96
27164,41.17
27165,35.35
27166,41.3
27167,29.9
27168,35.1
27169,36.19
27170,36.07
27171,35.54
27172,25.09
27173,34.06
27174,38.42
27175,26.66
27176,90.63
27177,29.43
27178,35.57
27179,41.28
27180,34.29
27181,34.56
27182,30.52
27183,28.04
27184,34.68
27185,43.69
27186,32.61
27187,38.9
27188,36.39
27189,29.7
27190,32.0
27191,43.92
27192,37.91
27193,30.4
27194,60.0
27195,27.86
27196,35.31
27197,20.89
27198,43.9
27199,41.62
27200,33.86
27201,33.1
27202,30.13
27203,29.65
27204,34.09
27205,31.91
27206,34.69
27207,37.25
27208,30.47
27209,31.63
27210,31.18
27211,39.34
27212,36.37
27213,35.05
27214,33.04
27215,36.49
27216,49.36
27217,66.02
27218,39.58
27219,60.35
27220,47.32
27221,41.46
27222,45.31
27223,76.86
27224,57.99
27225,42.18
27226,48.74
27227,36.29
27228,40.26
27229,45.33
27230,52.93
27231,85.7
27232,33.35
27233,61.54
27234,44.01
27235,58.78
27236,37.72
27237,62.27
27238,33.0
27239,47.14
27240,37.04
27241,38.5
27242,39.69
27243,38.93
27244,33.99
27245,26.86
27246,41.8
27247,40.21
27248,83.44
27249,37.61
27250,47.56
27251,35.44
27252,65.09
27253,39.5
27254,37.07
27255,35.56
27256,40.55
27257,57.31
27258,60.94
27259,40.91
27260,43.23
27261,67.23
27262,64.02
27263,42.84
27264,38.21
27265,46.04
27266,41.1
27267,65.96
27268,44.19
27269,76.78
27270,41.1
27271,34.38
27272,45.4
27273,39.55
27274,37.37
27275,28.1
27276,42.72
27277,27.83
27278,24.45
27279,40.48
27280,33.22
27281,35.24
27282,31.38
27283,27.11
27284,37.05
27285,43.11
27286,32.27
27287,34.84
27288,39.41
27289,45.22
27290,35.5
27291,41.76
27292,37.34
27293,38.82
27294,38.72
27295,43.5
27296,28.17
27297,37.9
27298,41.95
27299,46.59
27300,43.41
27301,43.65
27302,40.62
27303,40.39
27304,38.2
27305,34.94
27306,41.7
27307,38.83
27308,49.06
27309,40.57
27310,37.99
27311,51.12
27312,43.24
27313,51.35
27314,37.07
27315,38.33
27316,43.63
27317,27.34
27318,39.81
27319,48.01
27320,47.29
27321,38.7
27322,41.27
27323,42.45
27324,42.95
27325,38.96
27326,42.79
27327,42.98
27328,42.49
27329,37.93
27330,35.23
27331,40.92
27332,41.29
27333,47.08
27334,33.68
27335,36.42
27336,26.59
27337,31.48
27338,33.38
27339,27.83
27340,24.17
27341,35.2
27342,30.19
27343,39.48
27344,43.95
27345,30.17
27346,34.54
27347,27.71
27348,28.34
27349,34.41
27350,44.96
27351,32.62
27352,27.85
27353,28.5
27354,30.14
27355,32.05
27356,39.35
27357,42.51
27358,42.43
27359,36.45
27360,24.7
27361,42.03
27362,38.34
27363,32.47
27364,37.74
27365,44.08
27366,31.93
27367,35.43
27368,26.43
27369,31.1
27370,25.92
27371,34.38
27372,27.02
27373,36.6
27374,36.23
27375,27.83
27376,35.23
27377,27.46
27378,34.74
27379,25.48
27380,24.9
27381,40.13
27382,32.33
27383,33.47
27384,41.98
27385,45.58
27386,31.99
27387,29.66
27388,32.81
27389,39.88
27390,38.01
27391,40.18
27392,28.1
27393,31.83
27394,31.2
27395,45.93
27396,34.1
27397,31.49
27398,23.39
27399,28.13
27400,26.54
27401,34.26
27402,23.66
27403,36.71
27404,31.12
27405,27.71
27406,32.44
27407,43.99
27408,29.98
27409,27.62
27410,30.47
27411,36.77
27412,39.95
27413,35.62
27414,39.94
27415,35.42
27416,41.91
27417,37.91
27418,34.11
27419,35.19
27420,34.91
27421,37.13
27422,33.12
27423,43.96
27424,34.33
27425,38.01
27426,35.56
27427,36.4
27428,31.93
27429,45.64
27430,30.78
27431,33.14
27432,35.8
27433,36.27
27434,32.89
27435,33.74
27436,46.4
27437,34.92
27438,21.97
27439,40.81
27440,28.54
27441,39.35
27442,33.89
27443,34.78
27444,28.01
27445,33.38
27446,25.33
27447,29.45
27448,30.96
27449,29.65
27450,32.44
27451,29.31
27452,32.82
27453,26.25
27454,31.02
27455,20.48
27456,38.54
27457,32.35
27458,27.2
27459,33.68
27460,24.11
27461,32.87
27462,37.85
27463,35.56
27464,38.43
27465,33.62
27466,28.99
27467,25.05
27468,29.09
27469,39.21
27470,25.89
27471,30.88
27472,16.16
27473,27.47
27474,34.36
27475,31.65
27476,27.36
27477,27.18
27478,34.85
27479,53.32
27480,34.62
27481,41.43
27482,31.9
27483,39.08
27484,36.22
27485,38.46
27486,39.49
27487,33.35
27488,37.01
27489,45.5
27490,41.86
27491,40.25
27492,36.05
27493,41.54
27494,40.73
27495,43.91
27496,32.56
27497,41.98
27498,43.13
27499,38.41
27500,35.62
27501,40.67
27502,39.7
27503,41.72
27504,33.15
27505,38.2
27506,40.13
27507,40.85
27508,34.9
27509,42.08
27510,40.47
27511,37.75
27512,41.97
27513,38.59
27514,38.28
27515,39.86
27516,41.13
27517,40.24
27518,32.66
27519,28.24
27520,40.21
27521,42.13
27522,32.05
27523,36.22
27524,38.48
27525,35.4
27526,34.74
27527,58.41
27528,41.28
27529,49.55
27530,41.32
27531,36.65
27532,36.82
27533,42.17
27534,35.45
27535,35.28
27536,37.56
27537,33.46
27538,37.29
27539,38.93
27540,41.37
27541,36.79
27542,30.29
27543,41.9
27544,40.03
27545,43.31
27546,35.72
27547,42.88
27548,66.59
27549,41.29
27550,42.11
27551,41.35
27552,50.7
27553,39.86
27554,37.61
27555,32.95
27556,51.53
27557,49.93
27558,71.77
27559,52.88
27560,69.59
27561,48.09
27562,48.72
27563,55.21
27564,45.24
27565,46.51
27566,55.41
27567,45.01
27568,43.79
27569,40.31
27570,47.23
27571,70.77
27572,45.57
27573,64.64
27574,48.03
27575,37.94
27576,51.48
27577,62.07
27578,62.96
27579,33.27
27580,65.77
27581,48.41
27582,45.1
27583,48.04
27584,43.12
27585,79.05
27586,65.73
27587,52.92
27588,57.29
27589,48.56
27590,45.93
27591,43.42
27592,61.7
27593,67.18
27594,40.34
27595,50.57
27596,45.82
27597,70.33
27598,46.15
27599,36.48
27600,51.77
27601,65.48
27602,40.28
27603,65.11
27604,43.38
27605,33.51
27606,76.72
27607,35.53
27608,45.49
27609,35.92
27610,37.45
27611,38.73
27612,37.42
27613,48.23
27614,54.76
27615,37.35
27616,39.77
27617,38.19
27618,43.25
27619,44.34
27620,46.47
27621,42.02
27622,41.74
27623,41.91
27624,60.54
27625,57.13
27626,43.44
27627,37.12
27628,66.94
27629,43.57
27630,41.58
27631,38.14
27632,59.6
27633,36.57
27634,39.48
27635,39.6
27636,52.25
27637,32.91
27638,34.09
27639,37.85
27640,33.1
27641,67.29
27642,44.17
27643,37.88
27644,34.64
27645,32.5
27646,42.41
27647,33.1
27648,35.54
27649,41.35
27650,18.73
27651,26.41
27652,18.64
27653,29.61
27654,34.47
27655,54.62
27656,5.06
27657,34.57
27658,35.46
27659,29.86
27660,37.21
27661,21.07
27662,25.26
27663,33.22
27664,23.96
27665,30.27
27666,39.66
27667,22.51
27668,26.89
27669,25.73
27670,29.79
27671,60.3
27672,29.28
27673,13.4
27674,23.68
27675,30.29
27676,42.78
27677,33.82
27678,14.46
27679,19.98
27680,31.46
27681,21.09
27682,32.72
27683,28.11
27684,23.49
27685,29.61
27686,27.28
27687,38.29
27688,26.37
27689,28.92
27690,26.84
27691,33.29
27692,40.71
27693,21.53
27694,10.31
27695,23.21
27696,41.94
27697,26.29
27698,26.84
27699,79.12
27700,19.43
27701,19.95
27702,36.65
27703,33.49
27704,28.09
27705,24.92
27706,21.35
27707,25.78
27708,4.92
27709,27.41
27710,29.48
27711,33.98
27712,35.83
27713,28.89
27714,55.26
27715,32.61
27716,26.87
27717,25.95
27718,28.42
27719,24.98
27720,31.19
27721,76.27
27722,20.85
27723,23.98
27724,31.38
27725,30.06
27726,24.41
27727,26.69
27728,23.66
27729,41.63
27730,30.8
27731,30.39
27732,38.09
27733,26.47
27734,37.92
27735,22.81
27736,31.91
27737,33.71
27738,23.65
27739,31.03
27740,37.07
27741,31.74
27742,26.45
27743,38.85
27744,28.39
27745,36.23
27746,21.25
27747,23.92
27748,36.7
27749,33.92
27750,40.98
27751,58.3
27752,60.12
27753,45.83
27754,36.81
27755,55.89
27756,49.38
27757,44.98
27758,36.47
27759,41.73
27760,50.97
27761,43.09
27762,30.05
27763,20.06
27764,40.24
27765,40.14
27766,35.21
27767,48.67
27768,48.15
27769,33.77
27770,37.74
27771,43.31
27772,23.38
27773,44.31
27774,47.31
27775,38.59
27776,28.94
27777,53.9
27778,34.05
27779,42.66
27780,11.62
27781,50.64
27782,44.21
27783,37.35
27784,34.99
27785,32.27
27786,28.47
27787,37.21
27788,41.83
27789,40.58
27790,42.13
27791,53.26
27792,29.77
27793,35.83
27794,24.76
27795,34.08
27796,25.92
27797,44.73
27798,32.9
27799,39.47
27800,28.86
27801,52.08
27802,26.83
27803,28.92
27804,38.7
27805,36.58
27806,44.0
27807,43.59
27808,39.17
27809,36.28
27810,34.84
27811,36.43
27812,38.17
27813,35.23
27814,36.4
27815,33.53
27816,34.49
27817,36.66
27818,30.84
27819,37.4
27820,36.19
27821,36.18
27822,37.31
27823,37.31
27824,34.08
27825,37.97
27826,37.45
27827,39.08
27828,37.76
27829,39.94
27830,45.91
27831,40.69
27832,37.58
27833,40.03
27834,40.57
27835,42.11
27836,31.47
27837,40.76
27838,33.79
27839,38.82
27840,40.46
27841,40.09
27842,34.87
27843,43.96
27844,39.24
27845,34.17
27846,38.59
27847,39.34
27848,42.06
27849,36.07
27850,44.97
27851,37.75
27852,41.32
27853,43.8
27854,38.03
27855,45.0
27856,43.1
27857,40.98
27858,42.9
27859,45.78
27860,45.58
27861,40.26
27862,41.0
27863,45.03
27864,35.45
27865,38.66
27866,30.16
27867,87.38
27868,48.44
27869,46.14
27870,38.12
27871,42.52
27872,36.45
27873,52.13
27874,31.89
27875,40.02
27876,20.6
27877,41.25
27878,29.7
27879,37.94
27880,28.76
27881,32.96
27882,29.23
27883,32.08
27884,28.84
27885,19.93
27886,19.04
27887,28.73
27888,23.44
27889,21.72
27890,25.99
27891,30.39
27892,15.99
27893,27.44
27894,38.53
27895,32.5
27896,28.19
27897,23.07
27898,28.08
27899,24.55
27900,42.75
27901,28.82
27902,21.66
27903,37.23
27904,32.77
27905,13.03
27906,33.43
27907,21.94
27908,25.97
27909,28.88
27910,33.55
27911,29.66
27912,14.94
27913,21.1
27914,30.19
27915,25.18
27916,22.67
27917,34.02
27918,17.31
27919,28.6
27920,36.33
27921,40.65
27922,22.15
27923,23.42
27924,26.45
27925,29.26
27926,27.88
27927,23.32
27928,25.01
27929,20.7
27930,27.52
27931,38.72
27932,30.99
27933,28.14
27934,38.1
27935,33.23
27936,28.2
27937,32.64
27938,24.07
27939,30.07
27940,56.09
27941,23.8
27942,13.25
27943,23.7
27944,26.63
27945,19.0
27946,35.51
27947,27.91
27948,28.43
27949,36.95
27950,34.31
27951,39.41
27952,34.73
27953,31.0
27954,34.97
27955,28.61
27956,18.9
27957,20.75
27958,20.71
27959,42.82
27960,32.94
27961,14.44
27962,24.79
27963,33.36
27964,29.81
27965,20.59
27966,41.24
27967,63.89
27968,21.0
27969,26.4
27970,29.75
27971,14.07
27972,22.74
27973,10.33
27974,29.82
27975,30.2
27976,14.27
27977,7.98
27978,20.6
27979,17.05
27980,15.01
27981,44.74
27982,36.25
27983,29.53
27984,21.25
27985,39.02
27986,6.24
27987,22.53
27988,12.64
27989,21.28
27990,26.44
27991,27.53
27992,22.05
27993,11.05
27994,31.73
27995,21.66
27996,28.92
27997,23.94
27998,24.61
27999,10.55
28000,31.49
28001,40.13
28002,24.9
28003,30.14
28004,28.46
28005,19.69
28006,8.07
28007,15.74
28008,30.16
28009,30.43
28010,12.57
28011,20.24
28012,13.41
28013,18.6
28014,31.07
28015,26.04
28016,33.54
28017,29.42
28018,31.18
28019,32.19
28020,30.0
28021,21.08
28022,27.27
28023,25.08
28024,20.33
28025,24.28
28026,29.62
28027,21.29
28028,14.6
28029,19.33
28030,22.45
28031,25.48
28032,26.26
28033,29.75
28034,26.22
28035,29.33
28036,38.04
28037,35.05
28038,37.65
28039,24.29
28040,17.45
28041,31.36
28042,23.71
28043,29.8
28044,36.73
28045,42.05
28046,27.46
28047,17.08
28048,12.54
28049,28.75
28050,33.5
28051,29.59
28052,26.78
28053,20.41
28054,45.85
28055,32.89
28056,38.46
28057,23.07
28058,40.95
28059,62.93
28060,46.28
28061,41.3
28062,43.05
28063,35.0
28064,36.57
28065,51.21
28066,41.72
28067,45.32
28068,37.98
28069,38.51
28070,46.65
28071,38.74
28072,36.96
28073,57.9
28074,39.3
28075,37.31
28076,40.25
28077,38.62
28078,41.25
28079,34.31
28080,45.4
28081,46.59
28082,42.18
28083,40.03
28084,47.42
28085,43.72
28086,46.73
28087,49.25
28088,40.5
28089,36.29
28090,71.59
28091,54.05
28092,31.55
28093,42.95
28094,36.47
28095,47.4
28096,42.74
28097,49.58
28098,43.07
28099,45.35
28100,45.55
28101,40.12
28102,41.9
28103,37.37
28104,38.6
28105,32.67
28106,33.23
28107,28.11
28108,30.08
28109,34.63
28110,28.51
28111,47.75
28112,25.37
28113,33.3
28114,35.96
28115,26.24
28116,29.31
28117,34.55
28118,30.44
28119,35.72
28120,34.39
28121,38.6
28122,37.06
28123,31.12
28124,34.48
28125,33.07
28126,34.24
28127,29.26
28128,31.25
28129,29.84
28130,30.95
28131,31.02
28132,36.8
28133,30.15
28134,29.0
28135,36.06
28136,39.17
28137,35.67
28138,33.5
28139,29.05
28140,35.41
28141,38.33
28142,37.67
28143,33.13
28144,31.49
28145,33.4
28146,29.46
28147,32.47
28148,31.42
28149,35.24
28150,32.11
28151,31.94
28152,40.29
28153,33.49
28154,36.89
28155,32.17
28156,34.3
28157,30.48
28158,33.69
28159,30.32
28160,34.67
28161,30.54
28162,31.68
28163,33.47
28164,33.69
28165,37.91
28166,31.44
28167,35.03
28168,31.59
28169,32.0
28170,37.33
28171,40.47
28172,38.35
28173,44.42
28174,37.67
28175,38.76
28176,40.91
28177,38.8
28178,38.06
28179,39.26
28180,34.99
28181,39.98
28182,41.81
28183,32.91
28184,38.45
28185,35.01
28186,33.71
28187,40.13
28188,34.75
28189,41.4
28190,41.59
28191,42.4
28192,33.49
28193,40.13
28194,40.46
28195,37.56
28196,36.34
28197,42.2
28198,40.19
28199,35.78
28200,38.05
28201,38.42
28202,41.72
28203,36.63
28204,27.75
28205,34.5
28206,36.99
28207,28.2
28208,37.69
28209,57.31
28210,34.8
28211,28.69
28212,35.77
28213,34.79
28214,31.34
28215,25.94
28216,33.19
28217,38.34
28218,36.2
28219,32.47
28220,26.45
28221,34.09
28222,71.25
28223,14.22
28224,36.04
28225,28.67
28226,33.52
28227,39.07
28228,36.77
28229,37.29
28230,37.5
28231,29.17
28232,24.86
28233,39.75
28234,33.57
28235,83.55
28236,26.27
28237,31.8
28238,32.29
28239,36.87
28240,40.44
28241,32.21
28242,23.61
28243,28.47
28244,26.16
28245,34.91
28246,26.37
28247,29.81
28248,35.95
28249,33.59
28250,31.28
28251,26.67
28252,36.82
28253,35.28
28254,28.01
28255,36.07
28256,44.64
28257,37.02
28258,32.63
28259,38.98
28260,38.84
28261,29.26
28262,25.62
28263,35.11
28264,35.11
28265,37.3
28266,34.8
28267,39.91
28268,37.61
28269,40.13
28270,26.02
28271,32.23
28272,38.42
28273,37.36
28274,40.12
28275,38.64
28276,31.68
28277,41.49
28278,37.19
28279,25.67
28280,43.02
28281,36.44
28282,40.4
28283,41.69
28284,35.79
28285,30.02
28286,37.23
28287,32.54
28288,28.82
28289,36.08
28290,42.69
28291,37.98
28292,38.16
28293,41.38
28294,39.4
28295,17.92
28296,36.57
28297,35.54
28298,27.29
28299,39.99
28300,39.71
28301,41.29
28302,71.25
28303,40.49
28304,46.57
28305,36.54
28306,37.44
28307,44.16
28308,35.84
28309,34.57
28310,38.68
28311,47.02
28312,44.33
28313,34.66
28314,42.62
28315,42.95
28316,34.2
28317,35.77
28318,41.29
28319,38.51
28320,36.68
28321,46.53
28322,42.17
28323,44.66
28324,40.78
28325,38.26
28326,35.49
28327,44.26
28328,43.62
28329,35.46
28330,36.64
28331,36.85
28332,38.3
28333,36.05
28334,35.6
28335,38.41
28336,37.57
28337,40.79
28338,38.36
28339,34.4
28340,36.43
28341,36.71
28342,43.59
28343,33.83
28344,39.92
28345,41.34
28346,37.2
28347,39.26
28348,35.3
28349,40.12
28350,36.13
28351,39.33
28352,45.1
28353,33.01
28354,32.69
28355,34.0
28356,50.11
28357,37.51
28358,38.63
28359,35.12
28360,31.54
28361,39.11
28362,41.82
28363,45.23
28364,42.71
28365,33.42
28366,40.76
28367,38.47
28368,49.98
28369,35.56
28370,35.98
28371,51.86
28372,39.25
28373,35.36
28374,45.01
28375,41.42
28376,52.73
28377,40.9
28378,36.66
28379,33.67
28380,41.11
28381,35.51
28382,38.49
28383,33.31
28384,38.43
28385,46.81
28386,34.85
28387,38.71
28388,35.7
28389,37.57
28390,36.36
28391,40.79
28392,34.89
28393,34.47
28394,38.21
28395,34.23
28396,34.68
28397,39.59
28398,36.8
28399,38.68
28400,41.93
28401,40.86
28402,34.78
28403,36.03
28404,29.84
28405,42.96
28406,38.83
28407,35.23
28408,35.4
28409,30.05
28410,37.24
28411,31.65
28412,14.22
28413,30.62
28414,20.22
28415,43.12
28416,28.89
28417,42.12
28418,21.0
28419,35.46
28420,40.18
28421,24.34
28422,28.64
28423,21.29
28424,28.02
28425,34.73
28426,35.95
28427,13.44
28428,32.23
28429,41.92
28430,30.27
28431,24.92
28432,31.66
28433,38.17
28434,36.04
28435,44.2
28436,43.01
28437,37.42
28438,36.7
28439,37.9
28440,42.63
28441,41.27
28442,35.46
28443,40.76
28444,28.81
28445,42.38
28446,39.93
28447,36.5
28448,39.06
28449,36.69
28450,40.53
28451,42.41
28452,38.53
28453,36.15
28454,34.67
28455,43.54
28456,40.98
28457,42.14
28458,32.64
28459,36.18
28460,35.82
28461,41.88
28462,40.19
28463,37.18
28464,39.08
28465,36.23
28466,34.22
28467,36.73
28468,41.5
28469,27.87
28470,26.95
28471,33.12
28472,20.61
28473,27.6
28474,25.83
28475,32.97
28476,15.74
28477,22.57
28478,37.26
28479,26.15
28480,34.84
28481,12.11
28482,34.72
28483,10.38
28484,23.95
28485,21.09
28486,17.94
28487,38.02
28488,20.53
28489,23.46
28490,22.13
28491,31.02
28492,25.76
28493,29.88
28494,37.77
28495,39.01
28496,38.51
28497,60.3
28498,10.31
28499,34.03
28500,25.73
28501,37.7
28502,35.46
28503,11.78
28504,34.99
28505,27.33
28506,24.41
28507,18.69
28508,23.47
28509,16.7
28510,59.94
28511,38.02
28512,33.42
28513,32.62
28514,41.7
28515,22.51
28516,31.59
28517,30.4
28518,32.34
28519,29.9
28520,14.5
28521,32.39
28522,41.24
28523,44.3
28524,39.19
28525,32.7
28526,33.44
28527,29.41
28528,45.83
28529,32.39
28530,24.11
28531,28.4
28532,42.41
28533,32.71
28534,31.65
28535,29.43
28536,26.4
28537,15.74
28538,26.75
28539,29.48
28540,34.98
28541,27.96
28542,27.65
28543,35.27
28544,30.39
28545,30.58
28546,27.79
28547,32.98
28548,17.71
28549,29.86
28550,6.24
28551,30.16
28552,25.63
28553,26.07
28554,24.3
28555,27.36
28556,23.07
28557,25.7
28558,32.23
28559,30.27
28560,29.38
28561,20.53
28562,30.52
28563,34.93
28564,26.58
28565,28.6
28566,23.31
28567,23.83
28568,30.23
28569,40.1
28570,45.88
28571,39.36
28572,67.18
28573,40.67
28574,40.47
28575,47.82
28576,43.8
28577,46.15
28578,75.48
28579,35.73
28580,50.34
28581,47.88
28582,41.69
28583,35.03
28584,49.8
28585,45.1
28586,34.97
28587,39.43
28588,33.14
28589,56.53
28590,43.32
28591,45.83
28592,40.58
28593,32.32
28594,40.08
28595,58.42
28596,40.1
28597,31.98
28598,38.23
28599,40.03
28600,36.86
28601,46.54
28602,45.16
28603,42.45
28604,42.72
28605,41.86
28606,38.61
28607,43.5
28608,40.02
28609,45.98
28610,45.45
28611,36.93
28612,44.39
28613,44.45
28614,34.87
28615,43.74
28616,38.54
28617,46.04
28618,38.6
28619,45.07
28620,90.63
28621,46.26
28622,39.89
28623,40.01
28624,65.09
28625,42.39
28626,52.66
28627,33.57
28628,77.22
28629,37.72
28630,44.16
28631,37.96
28632,33.83
28633,32.93
28634,32.19
28635,48.96
28636,42.38
28637,41.53
28638,33.33
28639,37.7
28640,36.94
28641,30.27
28642,36.67
28643,31.27
28644,48.47
28645,41.48
28646,42.76
28647,41.56
28648,36.01
28649,76.72
28650,62.68
28651,64.64
28652,83.18
28653,39.72
28654,39.08
28655,41.7
28656,43.51
28657,40.92
28658,61.52
28659,63.67
28660,66.9
28661,39.79
28662,68.61
28663,39.36
28664,17.34
28665,35.57
28666,24.49
28667,34.56
28668,37.42
28669,43.33
28670,38.51
28671,34.41
28672,40.22
28673,38.79
28674,51.06
28675,39.86
28676,35.39
28677,36.63
28678,49.73
28679,44.61
28680,42.3
28681,35.79
28682,36.77
28683,37.19
28684,56.5
28685,40.46
28686,34.55
28687,38.91
28688,42.02
28689,42.11
28690,39.24
28691,39.13
28692,38.11
28693,38.45
28694,42.23
28695,35.05
28696,45.22
28697,40.79
28698,37.43
28699,31.15
28700,39.01
28701,34.69
28702,43.37
28703,36.4
28704,39.07
28705,39.49
28706,39.43
28707,40.79
28708,36.94
28709,40.05
28710,41.49
28711,39.16
28712,43.21
28713,44.89
28714,57.7
28715,37.48
28716,37.55
28717,42.3
28718,21.05
28719,16.85
28720,28.26
28721,28.77
28722,29.89
28723,47.6
28724,28.64
28725,35.23
28726,26.26
28727,30.29
28728,19.98
28729,39.57
28730,24.34
28731,22.75
28732,37.21
28733,27.97
28734,27.04
28735,39.29
28736,37.68
28737,28.72
28738,28.13
28739,10.55
28740,18.13
28741,19.67
28742,22.51
28743,22.17
28744,21.38
28745,25.86
28746,28.6
28747,34.32
28748,28.86
28749,29.88
28750,34.74
28751,33.66
28752,26.95
28753,24.08
28754,29.35
28755,27.7
28756,39.24
28757,36.16
28758,35.98
28759,28.4
28760,29.55
28761,35.95
28762,26.45
28763,31.48
28764,29.03
28765,23.87
28766,33.52
28767,39.3
28768,26.09
28769,23.52
28770,27.21
28771,40.52
28772,23.22
28773,27.97
28774,35.65
28775,27.66
28776,35.93
28777,37.05
28778,35.26
28779,41.31
28780,24.48
28781,30.52
28782,24.26
28783,18.69
28784,37.63
28785,24.42
28786,32.03
28787,24.44
28788,42.41
28789,30.38
28790,29.84
28791,21.61
28792,21.25
28793,25.81
28794,28.48
28795,30.33
28796,23.01
28797,6.24
28798,29.87
28799,28.69
28800,47.63
28801,34.73
28802,35.7
28803,44.12
28804,84.78
28805,93.91
28806,56.3
28807,52.82
28808,59.55
28809,69.66
28810,53.2
28811,38.18
28812,62.83
28813,84.63
28814,46.22
28815,76.78
28816,54.26
28817,56.95
28818,60.8
28819,53.96
28820,43.51
28821,43.33
28822,44.34
28823,47.66
28824,52.17
28825,58.71
28826,41.11
28827,55.76
28828,71.77
28829,35.28
28830,39.98
28831,38.12
28832,33.9
28833,49.44
28834,54.61
28835,43.89
28836,33.12
28837,40.75
28838,65.34
28839,49.87
28840,76.86
28841,46.64
28842,46.95
28843,69.59
28844,45.17
28845,45.74
28846,86.84
28847,45.19
28848,47.67
28849,59.61
28850,37.33
28851,41.39
28852,64.44
28853,55.21
28854,62.92
28855,41.42
28856,37.37
28857,37.83
28858,63.7
28859,40.2
28860,52.2
28861,39.62
28862,37.56
28863,65.61
28864,43.66
28865,43.13
28866,38.23
28867,43.39
28868,42.9
28869,34.38
28870,44.58
28871,30.09
28872,45.44
28873,33.19
28874,38.54
28875,39.24
28876,42.0
28877,50.08
28878,39.92
28879,34.5
28880,38.56
28881,48.3
28882,43.59
28883,40.26
28884,46.06
28885,35.82
28886,34.64
28887,39.71
28888,36.47
28889,61.54
28890,48.07
28891,33.92
28892,33.51
28893,40.83
28894,34.27
28895,35.05
28896,45.82
28897,37.78
28898,42.47
28899,39.8
28900,40.17
28901,51.26
28902,34.08
28903,38.93
28904,42.79
28905,42.04
28906,45.37
28907,78.81
28908,41.1
28909,42.02
28910,45.77
28911,38.4
28912,46.76
28913,38.99
28914,36.29
28915,23.49
28916,46.3
28917,42.46
28918,45.67
28919,39.2
28920,37.6
28921,27.58
28922,57.58
28923,36.51
28924,40.36
28925,41.73
28926,43.28
28927,40.29
28928,40.72
28929,35.79
28930,34.33
28931,38.97
28932,46.3
28933,41.81
28934,36.43
28935,35.26
28936,39.56
28937,48.34
28938,32.45
28939,41.53
28940,37.4
28941,44.51
28942,42.45
28943,33.72
28944,36.65
28945,45.05
28946,44.48
28947,34.86
28948,42.25
28949,34.49
28950,43.06
28951,41.92
28952,43.65
28953,35.95
28954,41.14
28955,34.34
28956,35.79
28957,32.86
28958,41.92
28959,38.81
28960,48.65
28961,52.64
28962,36.38
28963,30.94
28964,62.51
28965,31.65
28966,42.6
28967,43.02
28968,58.37
28969,61.82
28970,16.88
28971,54.22
28972,38.88
28973,32.26
28974,29.64
28975,57.12
28976,42.43
28977,63.14
28978,63.87
28979,42.59
28980,58.5
28981,65.79
28982,39.42
28983,36.23
28984,32.73
28985,36.61
28986,36.84
28987,35.52
28988,39.98
28989,34.6
28990,42.87
28991,38.04
28992,34.48
28993,32.72
28994,36.26
28995,38.64
28996,32.68
28997,43.19
28998,34.26
28999,35.79
29000,40.19
29001,35.14
29002,33.53
29003,43.67
29004,32.85
29005,34.83
29006,34.38
29007,33.98
29008,34.89
29009,36.09
29010,34.31
29011,36.96
29012,34.34
29013,32.81
29014,38.57
29015,39.92
29016,35.88
29017,33.01
29018,31.41
29019,36.06
29020,38.54
29021,34.92
29022,42.0
29023,36.55
29024,33.98
29025,31.28
29026,45.47
29027,33.95
29028,35.54
29029,43.36
29030,32.39
29031,46.98
29032,36.38
29033,25.96
29034,30.07
29035,26.41
29036,42.0
29037,37.19
29038,26.62
29039,41.41
29040,41.67
29041,32.1
29042,32.33
29043,28.3
29044,37.68
29045,31.07
29046,32.04
29047,36.54
29048,20.63
29049,24.0
29050,24.79
29051,39.39
29052,42.22
29053,35.93
29054,14.46
29055,29.66
29056,35.38
29057,24.79
29058,51.96
29059,19.04
29060,18.35
29061,31.99
29062,26.7
29063,21.0
29064,38.85
29065,22.13
29066,28.27
29067,35.63
29068,24.72
29069,22.33
29070,22.86
29071,25.79
29072,24.36
29073,23.07
29074,40.49
29075,8.63
29076,12.18
29077,19.51
29078,26.24
29079,27.8
29080,24.34
29081,28.27
29082,7.51
29083,22.91
29084,15.78
29085,24.92
29086,13.44
29087,23.32
29088,26.5
29089,32.3
29090,20.17
29091,22.52
29092,21.96
29093,41.53
29094,30.89
29095,37.98
29096,36.85
29097,27.92
29098,30.02
29099,23.68
29100,20.59
29101,29.04
29102,29.8
29103,12.63
29104,13.19
29105,21.6
29106,20.6
29107,27.33
29108,20.95
29109,27.59
29110,15.15
29111,21.54
29112,35.53
29113,29.61
29114,36.57
29115,26.02
29116,28.02
29117,19.67
29118,34.18
29119,18.81
29120,25.68
29121,29.37
29122,9.68
29123,23.67
29124,33.82
29125,22.92
29126,31.83
29127,42.23
29128,37.62
29129,40.19
29130,40.55
29131,37.73
29132,55.91
29133,45.41
29134,41.42
29135,35.74
29136,46.9
29137,44.93
29138,48.74
29139,40.83
29140,34.51
29141,40.06
29142,41.07
29143,69.56
29144,85.7
29145,41.7
29146,37.71
29147,51.21
29148,48.44
29149,44.89
29150,43.85
29151,48.71
29152,36.15
29153,45.39
29154,53.35
29155,41.68
29156,42.9
29157,43.54
29158,37.07
29159,45.59
29160,40.03
29161,37.1
29162,41.9
29163,39.81
29164,65.05
29165,52.93
29166,47.87
29167,39.16
29168,53.04
29169,45.5
29170,44.05
29171,40.53
29172,42.84
29173,32.2
29174,33.35
29175,37.04
29176,37.96
29177,34.47
29178,33.2
29179,57.9
29180,40.66
29181,36.84
29182,64.33
29183,42.67
29184,35.11
29185,42.54
29186,41.56
29187,34.3
29188,28.74
29189,37.79
29190,41.5
29191,39.61
29192,40.12
29193,44.21
29194,39.9
29195,39.43
29196,36.57
29197,34.32
29198,76.27
29199,36.54
29200,39.66
29201,37.77
29202,40.59
29203,31.41
29204,35.7
29205,34.18
29206,32.94
29207,31.28
29208,44.22
29209,36.11
29210,16.45
29211,41.77
29212,40.63
29213,36.1
29214,32.65
29215,42.87
29216,42.99
29217,28.52
29218,38.13
29219,36.33
29220,35.75
29221,39.84
29222,43.92
29223,44.71
29224,36.22
29225,44.36
29226,45.75
29227,31.15
29228,33.02
29229,40.27
29230,43.57
29231,41.98
29232,31.86
29233,31.27
29234,35.54
29235,41.74
29236,34.64
29237,40.03
29238,23.85
29239,52.02
29240,43.22
29241,33.77
29242,42.17
29243,39.26
29244,38.9
29245,38.06
29246,42.0
29247,34.63
29248,31.22
29249,35.64
29250,35.07
29251,30.78
29252,17.7
29253,31.6
29254,38.3
29255,38.94
29256,32.82
29257,40.36
29258,34.57
29259,36.77
29260,34.17
29261,43.52
29262,35.63
29263,36.47
29264,39.57
29265,45.2
29266,38.13
29267,34.28
29268,41.37
29269,37.13
29270,45.56
29271,39.82
29272,42.83
29273,39.05
29274,51.74
29275,41.08
29276,39.58
29277,37.65
29278,39.37
29279,43.05
29280,37.99
29281,39.68
29282,34.39
29283,29.96
29284,28.37
29285,45.13
29286,39.57
29287,34.42
29288,40.74
29289,37.82
29290,29.66
29291,31.66
29292,39.62
29293,29.85
29294,37.46
29295,65.15
29296,25.17
29297,61.66
29298,41.7
29299,23.68
29300,40.62
29301,35.98
29302,75.44
29303,45.58
29304,34.24
29305,48.55
29306,25.82
29307,73.27
29308,66.36
29309,25.42
29310,53.42
29311,31.84
29312,72.84
29313,70.3
29314,40.06
29315,21.47
29316,29.89
29317,32.18
29318,25.95
29319,29.72
29320,44.94
29321,44.45
29322,37.8
29323,33.64
29324,11.34
29325,15.05
29326,23.67
29327,56.1
29328,31.96
29329,57.86
29330,31.94
29331,33.18
29332,27.73
29333,38.54
29334,79.12
29335,37.31
29336,47.81
29337,32.01
29338,23.81
29339,28.48
29340,20.65
29341,41.36
29342,34.97
29343,28.28
29344,36.88
29345,42.06
29346,23.38
29347,31.66
29348,27.64
29349,21.8
29350,29.17
29351,42.98
29352,40.77
29353,21.88
29354,49.81
29355,32.83
29356,41.58
29357,43.56
29358,44.0
29359,31.76
29360,24.56
29361,28.03
29362,32.26
29363,26.05
29364,30.18
29365,37.24
29366,36.6
29367,26.29
29368,38.24
29369,26.25
29370,24.92
29371,36.97
29372,28.97
29373,35.43
29374,34.19
29375,31.09
29376,32.13
29377,13.32
29378,29.0
29379,39.38
29380,41.5
29381,30.31
29382,28.88
29383,29.16
29384,20.51
29385,24.86
29386,23.76
29387,29.15
29388,25.03
29389,27.76
29390,27.5
29391,24.44
29392,21.42
29393,54.62
29394,32.14
29395,34.53
29396,35.82
29397,29.43
29398,22.63
29399,32.37
29400,27.4
29401,28.66
29402,26.97
29403,26.3
29404,29.21
29405,21.16
29406,21.14
29407,23.9
29408,28.79
29409,25.85
29410,32.44
29411,10.91
29412,28.89
29413,24.17
29414,35.51
29415,31.64
29416,29.62
29417,46.0
29418,35.83
29419,46.11
29420,36.6
29421,43.25
29422,39.62
29423,35.71
29424,49.55
29425,38.65
29426,42.47
29427,32.29
29428,37.47
29429,41.69
29430,37.03
29431,37.5
29432,36.34
29433,42.43
29434,41.08
29435,29.12
29436,43.04
29437,37.23
29438,38.9
29439,44.74
29440,42.14
29441,36.21
29442,42.81
29443,38.44
29444,40.42
29445,34.93
29446,59.25
29447,39.02
29448,36.04
29449,34.05
29450,44.52
29451,32.88
29452,33.02
29453,39.11
29454,36.54
29455,35.47
29456,34.35
29457,35.33
29458,40.21
29459,36.59
29460,46.66
29461,47.27
29462,37.13
29463,41.19
29464,41.13
29465,39.85
29466,43.9
29467,42.35
29468,40.24
29469,38.47
29470,40.57
29471,42.66
29472,36.28
29473,51.3
29474,42.65
29475,54.26
29476,37.44
29477,37.36
29478,32.21
29479,46.13
29480,42.47
29481,37.68
29482,35.4
29483,43.02
29484,43.44
29485,35.82
29486,33.51
29487,38.61
29488,49.52
29489,46.26
29490,39.44
29491,38.81
29492,44.37
29493,37.59
29494,35.26
29495,40.1
29496,40.27
29497,48.5
29498,62.5
29499,34.31
29500,33.03
29501,41.96
29502,38.42
29503,33.72
29504,31.76
29505,44.34
29506,27.18
29507,42.95
29508,72.54
29509,77.55
29510,28.53
29511,36.81
29512,33.84
29513,28.48
29514,32.04
29515,78.67
29516,34.97
29517,38.76
29518,36.24
29519,38.82
29520,26.67
29521,9.5
29522,38.82
29523,51.01
29524,16.57
29525,38.54
29526,29.38
29527,25.99
29528,25.8
29529,23.18
29530,24.28
29531,26.21
29532,28.85
29533,37.39
29534,33.77
29535,38.43
29536,71.32
29537,32.17
29538,28.92
29539,26.09
29540,24.69
29541,18.94
29542,60.85
29543,28.03
29544,29.81
29545,34.62
29546,40.29
29547,36.6
29548,38.45
29549,38.86
29550,22.68
29551,26.47
29552,80.72
29553,27.5
29554,35.7
29555,28.88
29556,29.16
29557,35.57
29558,27.92
29559,43.36
29560,25.82
29561,38.58
29562,30.52
29563,29.61
29564,37.57
29565,39.57
29566,38.77
29567,55.44
29568,35.05
29569,35.37
29570,27.75
29571,34.15
29572,31.79
29573,27.86
29574,28.72
29575,27.45
29576,29.23
29577,28.82
29578,32.63
29579,22.23
29580,24.06
29581,52.24
29582,30.08
29583,28.42
29584,26.27
29585,24.92
29586,39.74
29587,18.87
29588,29.96
29589,28.3
29590,25.79
29591,26.39
29592,27.71
29593,39.82
29594,35.03
29595,31.29
29596,32.03
29597,27.89
29598,34.84
29599,29.17
29600,59.14
29601,21.34
29602,26.65
29603,22.2
29604,38.12
29605,43.36
29606,61.52
29607,69.66
29608,70.97
29609,63.87
29610,52.66
29611,61.52
29612,46.69
29613,84.78
29614,55.22
29615,44.07
29616,39.91
29617,39.62
29618,37.62
29619,51.01
29620,76.88
29621,41.43
29622,63.77
29623,59.52
29624,38.89
29625,43.53
29626,42.77
29627,53.37
29628,47.17
29629,71.59
29630,43.7
29631,78.81
29632,56.13
29633,52.05
29634,38.96
29635,76.78
29636,44.16
29637,41.24
29638,44.75
29639,70.54
29640,41.13
29641,70.81
29642,86.84
29643,42.22
29644,41.9
29645,80.65
29646,37.1
29647,54.26
29648,45.82
29649,90.63
29650,48.71
29651,79.81
29652,69.56
29653,41.21
29654,66.39
29655,42.52
29656,47.99
29657,35.37
29658,44.95
29659,37.82
29660,46.24
29661,40.49
29662,41.59
29663,46.81
29664,39.81
29665,49.73
29666,66.9
29667,53.38
29668,47.32
29669,58.19
29670,63.19
29671,58.2
29672,55.3
29673,46.87
29674,64.65
29675,57.9
29676,65.26
29677,63.7
29678,65.85
29679,62.93
29680,64.44
29681,56.16
29682,62.07
29683,64.33
29684,65.18
29685,66.55
29686,45.9
29687,68.12
29688,51.12
29689,53.9
29690,41.04
29691,57.54
29692,57.34
29693,66.12
29694,57.5
29695,11.3
29696,38.48
29697,46.29
29698,62.86
29699,41.02
29700,45.03
29701,62.95
29702,47.34
29703,40.37
29704,56.69
29705,40.03
29706,42.69
29707,41.26
29708,39.26
29709,47.43
29710,44.29
29711,45.2
29712,40.29
29713,45.98
29714,44.94
29715,50.49
29716,45.01
29717,42.16
29718,42.25
29719,43.57
29720,48.51
29721,37.43
29722,41.21
29723,45.41
29724,46.58
29725,51.12
29726,37.78
29727,33.11
29728,40.33
29729,36.98
29730,38.69
29731,40.38
29732,34.92
29733,44.58
29734,39.16
29735,43.89
29736,31.25
29737,35.21
29738,41.98
29739,38.57
29740,42.24
29741,37.48
29742,34.09
29743,36.66
29744,43.2
29745,33.63
29746,35.25
29747,47.31
29748,40.57
29749,51.87
29750,46.26
29751,41.05
29752,48.66
29753,21.03
29754,33.67
29755,35.23
29756,42.01
29757,38.42
29758,41.71
29759,43.34
29760,43.18
29761,45.37
29762,38.36
29763,35.67
29764,44.64
29765,27.84
29766,42.15
29767,33.52
29768,33.06
29769,28.51
29770,40.81
29771,26.31
29772,38.73
29773,35.83
29774,40.01
29775,87.38
29776,44.36
29777,42.31
29778,38.48
29779,42.45
29780,74.34
29781,45.29
29782,42.09
29783,35.15
29784,48.54
29785,70.77
29786,41.8
29787,30.96
29788,56.98
29789,42.19
29790,58.96
29791,50.07
29792,42.71
29793,42.02
29794,56.11
29795,61.17
29796,59.69
29797,41.53
29798,87.28
29799,44.19
29800,43.83
29801,31.11
29802,35.6
29803,38.93
29804,57.91
29805,38.83
29806,52.36
29807,56.5
29808,36.63
29809,36.37
29810,39.24
29811,38.03
29812,43.3
29813,40.55
29814,42.84
29815,55.03
29816,62.48
29817,42.45
29818,36.26
29819,56.19
29820,34.02
29821,48.2
29822,34.3
29823,52.82
29824,69.63
29825,48.07
29826,41.86
29827,28.08
29828,22.6
29829,45.47
29830,41.29
29831,66.02
29832,39.86
29833,40.79
29834,44.65
29835,39.78
29836,43.33
29837,41.42
29838,44.73
29839,45.48
29840,36.75
29841,32.82
29842,50.83
29843,39.45
29844,44.0
29845,34.04
29846,46.99
29847,42.0
29848,43.64
29849,40.76
29850,45.42
29851,41.29
29852,30.58
29853,46.53
29854,38.27
29855,39.74
29856,45.51
29857,41.95
29858,34.16
29859,35.07
29860,40.42
29861,27.82
29862,34.56
29863,40.92
29864,29.03
29865,36.53
29866,39.87
29867,31.77
29868,34.21
29869,43.92
29870,39.94
29871,27.57
29872,38.01
29873,41.44
29874,36.53
29875,36.74
29876,46.32
29877,42.91
29878,36.95
29879,44.5
29880,42.34
29881,29.66
29882,40.9
29883,43.18
29884,32.65
29885,43.0
29886,29.39
29887,39.54
29888,43.41
29889,27.72
29890,45.02
29891,42.07
29892,43.16
29893,37.79
29894,43.85
29895,40.62
29896,44.18
29897,43.27
29898,40.07
29899,36.01
29900,34.91
29901,38.53
29902,33.89
29903,41.96
29904,43.14
29905,44.03
29906,38.44
29907,44.75
29908,44.67
29909,27.3
29910,35.86
29911,43.39
29912,35.55
29913,43.4
29914,40.57
29915,46.73
29916,39.88
29917,38.36
29918,32.33
29919,46.07
29920,36.15
29921,36.93
29922,41.05
29923,40.17
29924,41.58
29925,37.83
29926,38.82
29927,35.05
29928,42.64
29929,41.56
29930,39.94
29931,48.17
29932,44.63
29933,42.65
29934,30.41
29935,33.04
29936,44.86
29937,34.84
29938,33.3
29939,39.83
29940,43.16
29941,66.72
29942,44.26
29943,57.99
29944,36.38
29945,49.36
29946,39.58
29947,60.35
29948,41.46
29949,45.31
29950,76.86
29951,42.18
29952,48.74
29953,36.29
29954,40.26
29955,45.33
29956,52.93
29957,85.7
29958,33.35
29959,45.62
29960,61.54
29961,44.01
29962,58.78
29963,37.72
29964,62.27
29965,46.89
29966,33.0
29967,47.14
29968,37.04
29969,38.5
29970,38.88
29971,39.69
29972,33.99
29973,26.86
29974,41.8
29975,40.21
29976,83.44
29977,37.61
29978,47.56
29979,35.44
29980,65.09
29981,39.5
29982,37.07
29983,35.56
29984,57.31
29985,60.94
29986,40.91
29987,43.23
29988,67.23
29989,50.06
29990,64.02
29991,38.21
29992,46.04
29993,41.42
29994,41.1
29995,65.96
29996,41.1
29997,34.38
29998,56.56
29999,57.63
30000,67.47
30001,69.27
30002,35.08
30003,43.65
30004,43.19
30005,39.91
30006,25.33
30007,67.58
30008,46.78
30009,44.18
30010,45.52
30011,60.52
30012,66.6
30013,52.8
30014,40.92
30015,29.83
30016,41.26
30017,37.86
30018,37.42
30019,47.8
30020,47.45
30021,47.34
30022,53.36
30023,39.48
30024,43.92
30025,43.39
30026,38.31
30027,47.58
30028,56.29
30029,50.93
30030,47.39
30031,46.62
30032,42.9
30033,49.07
30034,62.39
30035,45.92
30036,40.51
30037,46.86
30038,48.75
30039,44.18
30040,40.7
30041,80.38
30042,66.82
30043,47.12
30044,46.06
30045,47.48
30046,43.55
30047,38.71
30048,47.57
30049,40.61
30050,46.31
30051,53.39
30052,44.18
30053,40.77
30054,50.24
30055,26.73
30056,39.35
30057,75.71
30058,55.79
30059,43.89
30060,44.82
30061,35.57
30062,75.13
30063,66.21
30064,37.37
30065,39.06
30066,46.14
30067,65.98
30068,42.88
30069,20.45
30070,45.18
30071,48.46
30072,67.94
30073,62.72
30074,46.32
30075,78.6
30076,44.0
30077,43.93
30078,38.88
30079,40.04
30080,24.33
30081,37.67
30082,29.91
30083,46.35
30084,32.74
30085,59.56
30086,37.5
30087,33.96
30088,46.92
30089,39.41
30090,68.39
30091,47.65
30092,72.51
30093,36.02
30094,32.18
30095,75.27
30096,63.1
30097,32.42
30098,32.94
30099,28.38
30100,34.4
30101,32.56
30102,29.36
30103,42.42
30104,32.38
30105,36.85
30106,32.11
30107,33.93
30108,17.74
30109,40.69
30110,41.8
30111,34.52
30112,30.72
30113,32.63
30114,40.34
30115,28.55
30116,38.92
30117,41.38
30118,21.86
30119,32.26
30120,59.27
30121,30.91
30122,33.32
30123,31.5
30124,49.83
30125,41.93
30126,27.66
30127,36.48
30128,28.47
30129,38.58
30130,41.76
30131,34.34
30132,40.14
30133,28.76
30134,40.69
30135,38.84
30136,27.78
30137,43.24
30138,38.03
30139,33.13
30140,37.33
30141,33.6
30142,35.1
30143,34.61
30144,41.31
30145,37.78
30146,41.89
30147,32.18
30148,32.69
30149,41.55
30150,42.18
30151,28.9
30152,41.64
30153,41.9
30154,39.36
30155,8.03
30156,36.58
30157,31.62
30158,33.67
30159,34.45
30160,33.75
30161,9.38
30162,8.63
30163,41.14
30164,39.59
30165,41.23
30166,29.76
30167,42.69
30168,41.23
30169,42.1
30170,39.3
30171,40.17
30172,37.36
30173,41.77
30174,34.33
30175,37.81
30176,43.59
30177,35.36
30178,52.64
30179,40.07
30180,10.38
30181,36.87
30182,51.85
30183,45.4
30184,40.16
30185,33.96
30186,43.49
30187,33.83
30188,31.6
30189,45.92
30190,12.39
30191,40.93
30192,44.86
30193,32.15
30194,32.59
30195,42.47
30196,78.4
30197,97.78
30198,92.8
30199,94.94
30200,34.29
30201,97.95
30202,98.4
30203,97.86
30204,96.84
30205,46.32
30206,96.35
30207,97.84
30208,45.4
30209,93.79
30210,96.45
30211,30.45
30212,87.78
30213,26.92
30214,84.41
30215,95.76
30216,87.84
30217,27.47
30218,93.84
30219,87.6
30220,30.17
30221,93.82
30222,56.8
30223,94.64
30224,27.02
30225,83.77
30226,93.84
30227,51.75
30228,26.98
30229,92.88
30230,46.72
30231,92.86
30232,89.84
30233,27.16
30234,85.76
30235,82.29
30236,26.36
30237,93.91
30238,49.48
30239,84.67
30240,29.66
30241,91.89
30242,89.64
30243,19.41
30244,93.89
30245,83.73
30246,25.34
30247,91.84
30248,91.89
30249,39.82
30250,90.84
30251,39.04
30252,86.26
30253,92.88
30254,44.85
30255,90.83
30256,92.78
30257,29.63
30258,89.79
30259,90.78
30260,22.6
30261,87.7
30262,87.7
30263,42.55
30264,84.79
30265,90.68
30266,38.53
30267,73.69
30268,88.72
30269,20.37
30270,90.68
30271,32.71
30272,28.91
30273,72.56
30274,72.41
30275,30.34
30276,65.77
30277,69.07
30278,28.13
30279,61.19
30280,47.13
30281,65.84
30282,82.72
30283,44.96
30284,68.22
30285,67.62
30286,31.66
30287,80.0
30288,89.55
30289,32.65
30290,72.59
30291,68.6
30292,77.56
30293,45.58
30294,44.93
30295,51.39
30296,46.73
30297,83.18
30298,62.96
30299,45.19
30300,76.69
30301,46.28
30302,42.96
30303,47.1
30304,71.49
30305,43.39
30306,42.36
30307,82.8
30308,78.75
30309,44.87
30310,78.37
30311,46.39
30312,42.3
30313,86.37
30314,48.36
30315,36.37
30316,35.51
30317,40.42
30318,47.74
30319,40.28
30320,45.6
30321,62.3
30322,87.8
30323,59.49
30324,47.34
30325,42.11
30326,40.8
30327,41.27
30328,40.29
30329,48.23
30330,41.97
30331,47.61
30332,40.83
30333,44.72
30334,37.69
30335,39.81
30336,55.4
30337,90.69
30338,44.12
30339,45.24
30340,48.32
30341,36.38
30342,47.04
30343,41.99
30344,47.56
30345,40.93
30346,37.45
30347,39.56
30348,47.57
30349,67.36
30350,40.89
30351,41.82
30352,37.78
30353,37.42
30354,36.28
30355,42.67
30356,49.19
30357,45.19
30358,37.63
30359,51.15
30360,39.44
30361,41.72
30362,39.17
30363,74.78
30364,73.51
30365,45.52
30366,61.9
30367,44.91
30368,40.87
30369,84.77
30370,37.72
30371,72.49
30372,39.57
30373,46.65
30374,44.27
30375,38.97
30376,36.62
30377,33.01
30378,86.87
30379,39.52
30380,47.51
30381,19.92
30382,33.84
30383,39.86
30384,43.51
30385,47.63
30386,85.73
30387,90.88
30388,92.74
30389,73.09
30390,71.69
30391,44.88
30392,70.83
30393,51.24
30394,74.95
30395,85.61
30396,78.6
30397,39.23
30398,73.24
30399,80.84
30400,54.04
30401,49.67
30402,68.7
30403,53.52
30404,29.57
30405,39.95
30406,85.65
30407,79.66
30408,57.75
30409,82.34
30410,52.76
30411,47.28
30412,68.0
30413,41.66
30414,84.86
30415,43.53
30416,66.56
30417,76.95
30418,78.5
30419,70.38
30420,46.94
30421,47.44
30422,48.48
30423,92.93
30424,73.42
30425,39.55
30426,45.79
30427,76.27
30428,89.9
30429,46.3
30430,37.7
30431,41.39
30432,73.0
30433,35.77
30434,34.74
30435,56.16
30436,70.41
30437,62.13
30438,74.05
30439,77.38
30440,51.9
30441,59.56
30442,69.53
30443,38.92
30444,75.64
30445,64.7
30446,75.61
30447,79.3
30448,76.31
30449,76.02
30450,84.19
30451,78.42
30452,65.96
30453,68.54
30454,77.47
30455,34.72
30456,71.49
30457,64.74
30458,66.32
30459,65.47
30460,70.03
30461,82.38
30462,49.55
30463,75.36
30464,80.57
30465,42.85
30466,81.69
30467,60.24
30468,82.68
30469,36.95
30470,68.21
30471,38.64
30472,36.61
30473,41.83
30474,57.26
30475,27.23
30476,40.37
30477,37.43
30478,39.53
30479,40.8
30480,39.3
30481,27.94
30482,31.21
30483,39.06
30484,63.45
30485,37.53
30486,62.28
30487,43.51
30488,39.33
30489,43.89
30490,33.88
30491,29.41
30492,30.11
30493,34.29
30494,24.87
30495,37.39
30496,29.53
30497,34.16
30498,33.96
30499,35.13
30500,38.21
30501,40.31
30502,38.35
30503,28.87
30504,45.48
30505,44.26
30506,30.45
30507,35.09
30508,34.79
30509,44.73
30510,39.3
30511,34.27
30512,40.37
30513,34.72
30514,46.66
30515,43.24
30516,38.41
30517,31.88
30518,39.93
30519,36.87
30520,29.7
30521,54.04
30522,58.71
30523,43.5
30524,44.53
30525,44.43
30526,40.7
30527,38.03
30528,41.03
30529,43.62
30530,82.74
30531,56.81
30532,48.58
30533,45.87
30534,46.79
30535,43.11
30536,43.46
30537,43.63
30538,45.58
30539,63.61
30540,47.75
30541,48.57
30542,45.16
30543,39.52
30544,49.68
30545,49.15
30546,45.31
30547,41.44
30548,35.86
30549,45.13
30550,35.32
30551,35.23
30552,41.62
30553,40.42
30554,44.3
30555,42.86
30556,43.09
30557,43.37
30558,40.27
30559,39.35
30560,42.78
30561,38.94
30562,42.74
30563,27.74
30564,41.2
30565,39.58
30566,33.33
30567,37.88
30568,41.62
30569,29.23
30570,33.71
30571,46.78
30572,59.6
30573,36.33
30574,41.0
30575,34.1
30576,37.67
30577,44.2
30578,40.9
30579,36.92
30580,37.7
30581,36.24
30582,32.52
30583,43.57
30584,42.66
30585,36.95
30586,36.86
30587,23.19
30588,40.94
30589,34.3
30590,36.18
30591,73.4
30592,31.49
30593,35.58
30594,29.06
30595,36.12
30596,31.73
30597,35.2
30598,37.83
30599,40.72
30600,30.93
30601,31.94
30602,41.69
30603,32.72
30604,33.07
30605,37.6
30606,38.23
30607,35.72
30608,32.94
30609,36.86
30610,43.12
30611,67.58
30612,36.01
30613,32.7
30614,36.68
30615,36.71
30616,29.31
30617,40.73
30618,48.67
30619,41.04
30620,64.35
30621,45.23
30622,69.07
30623,41.74
30624,69.34
30625,37.37
30626,70.04
30627,61.64
30628,78.42
30629,84.79
30630,64.47
30631,42.89
30632,62.38
30633,55.01
30634,63.3
30635,62.84
30636,67.47
30637,76.3
30638,75.6
30639,69.7
30640,57.6
30641,66.75
30642,46.07
30643,53.9
30644,38.16
30645,40.3
30646,72.84
30647,28.1
30648,82.61
30649,47.71
30650,58.73
30651,43.21
30652,44.36
30653,42.7
30654,56.8
30655,42.96
30656,75.15
30657,74.17
30658,33.36
30659,81.54
30660,42.95
30661,71.41
30662,68.97
30663,38.66
30664,45.86
30665,71.54
30666,46.06
30667,49.9
30668,74.76
30669,64.74
30670,43.64
30671,43.98
30672,80.44
30673,80.22
30674,64.43
30675,62.85
30676,65.32
30677,67.09
30678,79.12
30679,82.11
30680,74.49
30681,76.74
30682,80.0
30683,38.82
30684,62.76
30685,59.97
30686,50.82
30687,74.48
30688,40.36
30689,39.15
30690,56.27
30691,66.71
30692,67.25
30693,58.66
30694,35.09
30695,57.09
30696,65.6
30697,54.5
30698,43.52
30699,56.12
30700,72.39
30701,34.98
30702,33.97
30703,66.86
30704,48.33
30705,59.64
30706,36.04
30707,52.58
30708,39.31
30709,72.18
30710,43.67
30711,31.39
30712,40.29
30713,57.32
30714,44.25
30715,61.36
30716,37.77
30717,40.29
30718,58.25
30719,34.57
30720,36.62
30721,35.88
30722,35.14
30723,62.35
30724,48.64
30725,57.38
30726,30.58
30727,33.72
30728,72.4
30729,33.05
30730,63.24
30731,26.96
30732,41.76
30733,37.18
30734,39.75
30735,39.54
30736,73.2
30737,46.43
30738,42.38
30739,41.51
30740,43.16
30741,37.0
30742,42.55
30743,38.41
30744,68.57
30745,59.79
30746,44.41
30747,36.72
30748,50.69
30749,53.93
30750,39.08
30751,45.96
30752,26.23
30753,36.02
30754,25.09
30755,36.54
30756,32.82
30757,39.08
30758,48.55
30759,41.84
30760,21.65
30761,48.11
30762,26.92
30763,37.28
30764,42.33
30765,39.97
30766,39.52
30767,38.61
30768,51.04
30769,46.49
30770,43.3
30771,42.73
30772,36.7
30773,37.1
30774,36.0
30775,35.64
30776,47.2
30777,72.55
30778,38.46
30779,54.44
30780,39.55
30781,21.34
30782,38.56
30783,43.0
30784,55.49
30785,32.25
30786,48.86
30787,39.25
30788,45.68
30789,39.61
30790,40.38
30791,43.28
30792,40.71
30793,41.69
30794,75.56
30795,40.24
30796,37.71
30797,36.65
30798,38.96
30799,43.55
30800,39.27
30801,39.66
30802,43.86
30803,45.17
30804,41.97
30805,25.93
30806,35.26
30807,37.17
30808,28.81
30809,40.58
30810,32.69
30811,47.33
30812,36.32
30813,31.41
30814,37.84
30815,34.8
30816,39.7
30817,42.4
30818,26.14
30819,37.07
30820,37.07
30821,34.16
30822,36.18
30823,35.64
30824,47.18
30825,41.34
30826,70.76
30827,37.8
30828,33.64
30829,41.38
30830,35.69
30831,31.7
30832,33.34
30833,38.46
30834,36.25
30835,45.35
30836,42.06
30837,40.45
30838,38.18
30839,40.18
30840,30.39
30841,35.89
30842,39.27
30843,33.27
30844,82.26
30845,48.7
30846,46.63
30847,86.68
30848,37.94
30849,40.42
30850,46.3
30851,41.26
30852,33.05
30853,23.15
30854,41.79
30855,32.79
30856,75.7
30857,42.49
30858,31.14
30859,51.64
30860,26.41
30861,20.65
30862,67.36
30863,54.9
30864,43.43
30865,71.64
30866,55.63
30867,47.8
30868,54.79
30869,52.79
30870,74.66
30871,69.69
30872,68.52
30873,68.68
30874,59.45
30875,68.62
30876,63.78
30877,30.17
30878,37.8
30879,28.01
30880,35.77
30881,37.53
30882,29.02
30883,38.5
30884,36.88
30885,25.49
30886,30.58
30887,60.16
30888,36.61
30889,64.1
30890,33.66
30891,35.59
30892,32.92
30893,32.67
30894,25.74
30895,28.58
30896,24.81
30897,28.63
30898,37.59
30899,42.92
30900,32.34
30901,21.07
30902,59.51
30903,39.09
30904,28.21
30905,27.88
30906,37.56
30907,30.77
30908,39.22
30909,29.41
30910,40.1
30911,73.5
30912,44.1
30913,62.85
30914,39.74
30915,42.41
30916,80.57
30917,26.32
30918,25.18
30919,45.78
30920,9.5
30921,14.33
30922,42.21
30923,29.79
30924,34.95
30925,45.56
30926,26.92
30927,76.43
30928,37.47
30929,75.16
30930,81.63
30931,41.95
30932,20.78
30933,24.51
30934,30.96
30935,58.02
30936,35.85
30937,52.09
30938,33.9
30939,58.91
30940,23.53
30941,18.29
30942,48.59
30943,26.14
30944,19.02
30945,35.93
30946,32.93
30947,9.6
30948,34.07
30949,33.5
30950,57.42
30951,27.16
30952,29.02
30953,18.48
30954,23.34
30955,37.33
30956,55.78
30957,41.2
30958,14.74
30959,16.57
30960,36.96
30961,30.22
30962,35.47
30963,41.36
30964,69.64
30965,55.6
30966,56.24
30967,47.27
30968,57.29
30969,52.97
30970,58.47
30971,52.12
30972,67.42
30973,46.72
30974,54.74
30975,70.6
30976,60.4
30977,41.51
30978,55.58
30979,38.76
30980,70.46
30981,14.66
30982,64.89
30983,44.81
30984,57.22
30985,32.98
30986,41.29
30987,11.49
30988,69.41
30989,14.27
30990,25.27
30991,19.4
30992,11.36
30993,37.15
30994,40.85
30995,31.97
30996,13.37
30997,45.14
30998,47.65
30999,57.33
31000,39.13
31001,51.18
31002,39.97
31003,35.99
31004,36.75
31005,37.44
31006,28.24
31007,35.86
31008,64.53
31009,31.49
31010,26.42
31011,56.33
31012,35.41
31013,41.72
31014,11.14
31015,43.34
31016,24.74
31017,29.51
31018,67.89
31019,44.51
31020,84.5
31021,33.19
31022,37.3
31023,39.84
31024,24.79
31025,33.36
31026,29.81
31027,5.06
31028,20.59
31029,41.24
31030,63.89
31031,21.0
31032,26.4
31033,29.75
31034,14.07
31035,22.74
31036,10.33
31037,29.82
31038,30.2
31039,14.27
31040,7.98
31041,20.6
31042,17.05
31043,15.01
31044,44.74
31045,36.25
31046,29.53
31047,21.25
31048,39.02
31049,6.24
31050,22.53
31051,12.64
31052,21.28
31053,26.44
31054,27.53
31055,22.05
31056,11.05
31057,31.73
31058,21.66
31059,28.92
31060,23.94
31061,24.61
31062,10.55
31063,31.49
31064,40.13
31065,24.9
31066,30.14
31067,28.46
31068,19.69
31069,8.07
31070,15.74
31071,30.16
31072,30.43
31073,12.57
31074,20.24
31075,13.41
31076,18.6
31077,31.07
31078,26.04
31079,33.54
31080,29.42
31081,31.18
31082,32.19
31083,30.0
31084,21.08
31085,27.27
31086,25.08
31087,20.33
31088,24.28
31089,29.62
31090,21.29
31091,14.6
31092,19.33
31093,22.45
31094,25.48
31095,42.78
31096,26.26
31097,29.75
31098,26.22
31099,32.27
31100,29.33
31101,38.04
31102,35.05
31103,37.65
31104,24.29
31105,17.45
31106,31.36
31107,23.71
31108,29.8
31109,36.73
31110,42.05
31111,27.46
31112,17.08
31113,12.54
31114,28.75
31115,33.5
31116,29.59
31117,26.78
31118,20.41
31119,45.85
31120,32.89
31121,38.46
31122,23.07
31123,26.63
31124,18.64
31125,23.47
31126,26.51
31127,27.96
31128,29.54
31129,18.18
31130,28.25
31131,33.03
31132,33.05
31133,16.12
31134,31.57
31135,31.74
31136,35.25
31137,64.56
31138,22.9
31139,25.75
31140,11.96
31141,21.59
31142,32.26
31143,38.93
31144,31.25
31145,33.36
31146,32.3
31147,28.25
31148,26.56
31149,30.41
31150,9.35
31151,27.8
31152,20.74
31153,22.1
31154,24.26
31155,28.24
31156,26.58
31157,23.42
31158,22.78
31159,14.92
31160,15.67
31161,34.51
31162,23.12
31163,27.77
31164,26.41
31165,17.02
31166,27.92
31167,28.98
31168,21.5
31169,29.94
31170,31.11
31171,27.19
31172,21.6
31173,24.58
31174,20.45
31175,23.64
31176,21.79
31177,29.81
31178,29.74
31179,32.32
31180,29.82
31181,17.14
31182,23.39
31183,16.56
31184,18.84
31185,29.54
31186,23.15
31187,23.48
31188,29.77
31189,31.4
31190,29.76
31191,27.13
31192,31.07
31193,50.29
31194,32.2
31195,35.74
31196,19.83
31197,27.35
31198,21.41
31199,19.02
31200,28.17
31201,27.39
31202,33.93
31203,27.69
31204,27.95
31205,12.22
31206,40.5
31207,26.32
31208,30.52
31209,20.49
31210,31.79
31211,32.11
31212,22.19
31213,24.9
31214,17.85
31215,17.59
31216,29.81
31217,17.02
31218,26.99
31219,32.9
31220,39.05
31221,37.54
31222,40.84
31223,40.13
31224,44.12
31225,37.35
31226,37.27
31227,35.31
31228,35.74
31229,39.56
31230,46.34
31231,43.68
31232,35.46
31233,40.86
31234,52.17
31235,38.12
31236,37.97
31237,39.87
31238,38.28
31239,36.79
31240,35.32
31241,41.12
31242,37.64
31243,34.61
31244,32.24
31245,38.36
31246,39.85
31247,44.27
31248,38.06
31249,50.8
31250,37.23
31251,38.36
31252,35.51
31253,34.33
31254,34.83
31255,49.06
31256,35.51
31257,39.36
31258,34.52
31259,52.85
31260,36.34
31261,40.55
31262,37.33
31263,37.78
31264,38.32
31265,37.87
31266,59.61
31267,42.64
31268,38.52
31269,37.99
31270,41.82
31271,35.27
31272,39.86
31273,37.2
31274,28.98
31275,34.62
31276,35.54
31277,32.19
31278,37.93
31279,29.32
31280,42.46
31281,34.09
31282,46.44
31283,36.29
31284,33.33
31285,45.86
31286,56.71
31287,37.9
31288,43.02
31289,33.88
31290,35.21
31291,37.08
31292,37.91
31293,40.15
31294,35.2
31295,33.68
31296,39.57
31297,32.92
31298,39.05
31299,36.69
31300,36.35
31301,37.74
31302,33.63
31303,35.28
31304,36.45
31305,29.32
31306,29.85
31307,31.34
31308,29.95
31309,53.48
31310,35.07
31311,29.56
31312,34.74
31313,37.35
31314,29.65
31315,27.18
31316,63.44
31317,30.54
31318,55.12
31319,43.17
31320,53.37
31321,36.08
31322,39.3
31323,39.35
31324,34.86
31325,40.02
31326,35.15
31327,35.64
31328,28.46
31329,40.48
31330,43.0
31331,29.55
31332,36.67
31333,28.09
31334,27.36
31335,25.32
31336,40.42
31337,71.25
31338,26.7
31339,32.82
31340,36.93
31341,36.88
31342,37.36
31343,60.94
31344,38.75
31345,49.41
31346,79.4
31347,46.94
31348,38.97
31349,41.52
31350,37.17
31351,56.31
31352,61.36
31353,39.78
31354,37.53
31355,33.73
31356,40.1
31357,48.01
31358,72.54
31359,24.74
31360,36.03
31361,40.31
31362,42.14
31363,40.87
31364,7.49
31365,42.78
31366,34.46
31367,29.79
31368,32.68
31369,34.83
31370,42.97
31371,35.78
31372,35.73
31373,39.4
31374,25.39
31375,28.45
31376,35.12
31377,37.12
31378,46.52
31379,25.29
31380,38.66
31381,42.05
31382,40.5
31383,33.42
31384,36.91
31385,35.08
31386,37.83
31387,43.52
31388,71.64
31389,32.64
31390,83.74
31391,42.04
31392,37.05
31393,36.67
31394,23.57
31395,51.18
31396,42.02
31397,60.4
31398,32.71
31399,40.22
31400,39.5
31401,37.18
31402,38.91
31403,28.51
31404,67.36
31405,35.53
31406,22.72
31407,39.72
31408,52.09
31409,25.05
31410,38.94
31411,47.79
31412,32.91
31413,37.42
31414,26.12
31415,39.12
31416,37.66
31417,46.41
31418,17.28
31419,28.58
31420,25.12
31421,22.79
31422,18.69
31423,22.69
31424,22.84
31425,20.47
31426,32.47
31427,36.3
31428,17.04
31429,23.8
31430,42.38
31431,25.73
31432,38.84
31433,30.3
31434,18.0
31435,23.55
31436,36.77
31437,24.99
31438,27.82
31439,26.39
31440,26.48
31441,47.59
31442,27.36
31443,31.44
31444,32.92
31445,31.49
31446,22.4
31447,36.66
31448,44.62
31449,30.85
31450,26.07
31451,24.58
31452,38.62
31453,33.76
31454,28.25
31455,22.16
31456,30.04
31457,33.18
31458,30.49
31459,27.14
31460,22.96
31461,17.33
31462,29.81
31463,33.31
31464,33.08
31465,28.71
31466,41.6
31467,34.71
31468,35.73
31469,24.72
31470,21.18
31471,26.75
31472,16.9
31473,28.18
31474,22.1
31475,42.02
31476,32.41
31477,33.76
31478,29.9
31479,23.14
31480,36.01
31481,32.68
31482,42.14
31483,34.03
31484,29.36
31485,25.16
31486,41.54
31487,21.25
31488,35.82
31489,31.27
31490,23.62
31491,22.61
31492,32.87
31493,23.42
31494,19.12
31495,22.57
31496,23.65
31497,29.46
31498,24.11
31499,15.96
31500,19.67
31501,35.12
31502,18.69
31503,31.72
31504,42.19
31505,19.04
31506,24.72
31507,32.98
31508,22.05
31509,29.27
31510,32.5
31511,32.89
31512,28.61
31513,33.27
31514,37.22
31515,23.8
31516,58.2
31517,59.52
31518,41.42
31519,35.05
31520,45.47
31521,55.89
31522,56.5
31523,50.48
31524,36.26
31525,41.73
31526,67.18
31527,36.81
31528,46.15
31529,76.72
31530,30.05
31531,38.73
31532,29.43
31533,37.42
31534,40.58
31535,33.51
31536,27.5
31537,36.48
31538,28.86
31539,40.14
31540,37.35
31541,35.63
31542,34.69
31543,37.12
31544,32.38
31545,36.06
31546,43.4
31547,57.13
31548,43.63
31549,38.14
31550,35.95
31551,34.75
31552,20.06
31553,23.44
31554,36.01
31555,41.58
31556,36.36
31557,38.19
31558,36.57
31559,38.6
31560,26.47
31561,41.63
31562,37.21
31563,37.95
31564,36.58
31565,37.55
31566,37.74
31567,38.59
31568,30.71
31569,39.48
31570,55.26
31571,39.19
31572,20.11
31573,26.04
31574,30.49
31575,35.56
31576,37.69
31577,40.38
31578,27.79
31579,22.53
31580,52.08
31581,27.58
31582,42.8
31583,33.0
31584,35.83
31585,11.62
31586,25.49
31587,24.26
31588,25.04
31589,26.27
31590,35.27
31591,38.92
31592,33.49
31593,23.74
31594,35.66
31595,33.47
31596,25.67
31597,28.89
31598,21.02
31599,24.46
31600,34.08
31601,29.77
31602,35.1
31603,34.59
31604,36.76
31605,19.95
31606,32.55
31607,27.52
31608,31.66
31609,30.92
31610,30.52
31611,35.85
31612,25.69
31613,33.36
31614,23.21
31615,17.71
31616,36.66
31617,22.4
31618,24.53
31619,24.42
31620,30.23
31621,20.68
31622,30.12
31623,25.82
31624,18.85
31625,29.88
31626,23.37
31627,21.69
31628,28.84
31629,30.72
31630,28.68
31631,27.04
31632,27.06
31633,22.59
31634,23.35
31635,29.27
31636,29.87
31637,17.52
31638,29.26
31639,25.21
31640,31.77
31641,27.75
31642,31.17
31643,23.35
31644,23.18
31645,29.42
31646,22.06
31647,18.76
31648,17.27
31649,31.08
31650,45.52
31651,27.87
31652,20.48
31653,29.01
31654,43.52
31655,24.67
31656,25.69
31657,36.06
31658,39.27
31659,28.02
31660,27.05
31661,27.13
31662,23.68
31663,28.68
31664,40.94
31665,28.78
31666,38.53
31667,26.67
31668,27.38
31669,23.14
31670,22.79
31671,25.51
31672,35.2
31673,18.6
31674,33.59
31675,35.64
31676,25.26
31677,23.66
31678,48.15
31679,31.55
31680,27.56
31681,31.03
31682,27.49
31683,29.24
31684,32.91
31685,18.75
31686,29.9
31687,38.21
31688,28.25
31689,36.07
31690,33.48
31691,38.56
31692,32.53
31693,29.53
31694,35.41
31695,34.62
31696,29.84
31697,28.99
31698,24.44
31699,30.83
31700,30.22
31701,30.4
31702,20.6
31703,31.8
31704,33.82
31705,24.78
31706,31.1
31707,26.35
31708,35.25
31709,24.02
31710,26.6
31711,35.87
31712,41.93
31713,28.08
31714,35.0
31715,29.62
31716,46.73
31717,33.94
31718,21.06
31719,29.61
31720,22.04
31721,22.27
31722,34.24
31723,57.26
31724,37.13
31725,36.75
31726,23.48
31727,46.04
31728,16.87
31729,20.23
31730,32.97
31731,12.59
31732,22.88
31733,26.95
31734,29.32
31735,59.1
31736,6.24
31737,30.93
31738,29.53
31739,47.6
31740,16.85
31741,32.23
31742,25.81
31743,5.59
31744,17.92
31745,45.49
31746,35.88
31747,52.7
31748,32.39
31749,14.46
31750,34.18
31751,30.34
31752,37.23
31753,39.53
31754,22.17
31755,30.39
31756,44.22
31757,26.08
31758,24.84
31759,38.14
31760,23.37
31761,34.65
31762,36.63
31763,32.39
31764,37.86
31765,28.32
31766,29.19
31767,36.96
31768,30.54
31769,38.93
31770,45.67
31771,36.16
31772,29.78
31773,28.34
31774,40.37
31775,17.88
31776,28.29
31777,34.97
31778,25.33
31779,28.14
31780,28.33
31781,39.01
31782,35.42
31783,21.56
31784,29.41
31785,25.75
31786,58.25
31787,76.27
31788,28.27
31789,34.88
31790,67.89
31791,44.44
31792,47.64
31793,44.89
31794,52.74
31795,15.57
31796,37.99
31797,39.01
31798,39.05
31799,40.39
31800,38.37
31801,26.64
31802,61.66
31803,20.31
31804,35.92
31805,52.18
31806,26.11
31807,26.16
31808,33.61
31809,33.73
31810,38.96
31811,37.85
31812,52.84
31813,49.36
31814,26.26
31815,30.99
31816,28.27
31817,35.21
31818,45.85
31819,34.07
31820,18.57
31821,20.6
31822,20.63
31823,25.89
31824,23.22
31825,34.67
31826,8.48
31827,26.17
31828,22.51
31829,10.11
31830,16.23
31831,52.99
31832,38.66
31833,38.73
31834,15.17
31835,25.5
31836,36.31
31837,32.75
31838,14.76
31839,55.63
31840,60.01
31841,32.72
31842,36.4
31843,29.14
31844,34.45
31845,21.31
31846,30.68
31847,38.78
31848,25.65
31849,34.83
31850,30.77
31851,50.59
31852,33.72
31853,8.22
31854,8.35
31855,26.7
31856,33.84
31857,56.68
31858,41.3
31859,46.87
31860,33.44
31861,11.78
31862,26.67
31863,34.45
31864,28.84
31865,13.64
31866,17.73
31867,19.63
31868,29.4
31869,26.61
31870,21.59
31871,25.75
31872,28.47
31873,23.53
31874,37.63
31875,29.12
31876,35.71
31877,35.21
31878,23.02
31879,26.35
31880,28.29
31881,25.81
31882,22.85
31883,17.59
31884,32.58
31885,28.34
31886,23.56
31887,20.38
31888,25.1
31889,30.41
31890,21.76
31891,30.23
31892,28.16
31893,31.08
31894,32.03
31895,25.44
31896,25.0
31897,16.61
31898,28.82
31899,32.51
31900,33.46
31901,29.93
31902,25.03
31903,30.43
31904,29.92
31905,28.56
31906,28.47
31907,25.41
31908,29.59
31909,26.19
31910,21.88
31911,20.62
31912,23.29
31913,29.76
31914,12.42
31915,25.1
31916,22.79
31917,34.97
31918,36.31
31919,21.69
31920,21.85
31921,27.82
31922,30.17
31923,19.47
31924,36.27
31925,28.04
31926,33.01
31927,32.02
31928,28.61
31929,22.11
31930,28.57
31931,25.8
31932,35.53
31933,26.67
31934,23.17
31935,22.06
31936,23.88
31937,25.85
31938,26.38
31939,31.75
31940,16.93
31941,18.2
31942,27.42
31943,34.46
31944,23.09
31945,39.77
31946,38.06
31947,34.21
31948,33.14
31949,25.72
31950,29.93
31951,29.25
31952,39.55
31953,28.37
31954,31.96
31955,31.57
31956,21.14
31957,43.45
31958,28.89
31959,28.5
31960,24.91
31961,28.59
31962,33.57
31963,32.28
31964,28.2
31965,24.14
31966,35.98
31967,55.19
31968,47.94
31969,33.4
31970,31.38
31971,37.65
31972,33.37
31973,33.83
31974,25.79
31975,43.59
31976,46.73
31977,29.54
31978,22.96
31979,36.84
31980,37.01
31981,29.53
31982,47.45
31983,47.44
31984,32.04
31985,30.4
31986,26.78
31987,37.58
31988,36.87
31989,28.26
31990,25.66
31991,22.47
31992,30.71
31993,26.65
31994,42.01
31995,27.33
31996,25.17
31997,35.37
31998,31.89
31999,34.9
32000,28.82
32001,24.49
32002,26.27
32003,35.49
32004,39.3
32005,25.48
32006,26.21
32007,31.51
32008,40.71
32009,24.02
32010,29.4
32011,30.43
32012,33.14
32013,33.49
32014,30.65
32015,26.16
32016,35.25
32017,31.99
32018,31.71
32019,31.52
32020,33.88
32021,27.7
32022,36.09
32023,29.17
32024,39.77
32025,37.17
32026,36.92
32027,38.07
32028,33.44
32029,25.55
32030,38.53
32031,37.19
32032,36.9
32033,39.46
32034,27.51
32035,24.3
32036,30.71
32037,29.6
32038,29.1
32039,27.24
32040,42.43
32041,31.04
32042,27.8
32043,34.84
32044,32.4
32045,35.72
32046,39.3
32047,21.15
32048,38.32
32049,36.94
32050,37.74
32051,26.93
32052,30.66
32053,30.07
32054,38.43
32055,38.06
32056,40.45
32057,37.32
32058,32.56
32059,32.57
32060,28.56
32061,34.99
32062,38.79
32063,48.48
32064,71.49
32065,36.93
32066,40.36
32067,36.6
32068,66.39
32069,38.94
32070,34.56
32071,45.37
32072,41.29
32073,73.37
32074,46.3
32075,48.02
32076,45.66
32077,38.93
32078,46.59
32079,36.68
32080,43.93
32081,44.72
32082,37.04
32083,47.5
32084,45.22
32085,37.9
32086,42.71
32087,41.7
32088,45.84
32089,62.27
32090,38.77
32091,44.16
32092,41.42
32093,37.64
32094,42.41
32095,38.89
32096,43.02
32097,39.61
32098,41.01
32099,36.85
32100,40.1
32101,46.13
32102,43.44
32103,42.6
32104,35.5
32105,32.92
32106,45.64
32107,40.17
32108,35.74
32109,38.89
32110,43.5
32111,40.21
32112,45.36
32113,34.97
32114,44.22
32115,46.0
32116,56.19
32117,42.47
32118,62.48
32119,38.57
32120,41.02
32121,39.4
32122,40.0
32123,27.15
32124,37.27
32125,35.1
32126,40.79
32127,38.15
32128,40.62
32129,69.63
32130,38.51
32131,40.93
32132,25.17
32133,34.82
32134,45.07
32135,44.31
32136,37.69
32137,34.65
32138,35.33
32139,34.69
32140,47.42
32141,37.78
32142,39.53
32143,42.77
32144,35.4
32145,41.43
32146,41.68
32147,37.46
32148,40.83
32149,38.14
32150,43.7
32151,65.48
32152,42.72
32153,38.97
32154,37.84
32155,37.42
32156,40.33
32157,33.11
32158,35.21
32159,33.08
32160,40.49
32161,25.61
32162,45.99
32163,33.08
32164,38.38
32165,29.31
32166,43.62
32167,43.56
32168,46.57
32169,47.02
32170,40.61
32171,37.07
32172,34.2
32173,36.68
32174,35.13
32175,44.33
32176,39.8
32177,25.36
32178,30.67
32179,37.81
32180,44.38
32181,40.5
32182,35.84
32183,47.01
32184,38.51
32185,39.18
32186,38.68
32187,38.51
32188,35.77
32189,36.89
32190,41.29
32191,40.83
32192,37.56
32193,50.03
32194,38.47
32195,36.02
32196,42.62
32197,38.65
32198,44.16
32199,43.69
32200,39.68
32201,37.77
32202,46.53
32203,44.63
32204,34.88
32205,47.06
32206,39.9
32207,55.76
32208,40.26
32209,40.43
32210,44.18
32211,40.99
32212,35.94
32213,42.6
32214,38.51
32215,40.72
32216,53.67
32217,35.54
32218,38.26
32219,40.46
32220,52.9
32221,44.04
32222,42.1
32223,35.49
32224,41.12
32225,38.4
32226,40.07
32227,30.22
32228,24.33
32229,37.94
32230,40.84
32231,32.23
32232,39.88
32233,46.43
32234,28.38
32235,26.87
32236,40.63
32237,37.0
32238,43.27
32239,58.25
32240,37.91
32241,26.92
32242,37.17
32243,54.69
32244,33.68
32245,39.97
32246,26.18
32247,23.47
32248,46.41
32249,38.51
32250,30.81
32251,40.0
32252,39.09
32253,39.71
32254,30.91
32255,31.15
32256,31.79
32257,63.67
32258,60.3
32259,41.91
32260,29.71
32261,31.25
32262,30.39
32263,41.2
32264,33.5
32265,26.33
32266,36.05
32267,31.42
32268,29.56
32269,61.66
32270,28.98
32271,36.8
32272,38.44
32273,36.37
32274,41.16
32275,37.47
32276,34.5
32277,39.23
32278,35.93
32279,39.63
32280,31.76
32281,27.51
32282,32.53
32283,39.6
32284,30.91
32285,24.03
32286,38.94
32287,10.31
32288,39.39
32289,37.46
32290,37.46
32291,26.45
32292,24.61
32293,71.32
32294,38.29
32295,32.0
32296,24.15
32297,39.24
32298,17.52
32299,29.35
32300,29.15
32301,41.62
32302,37.88
32303,46.23
32304,27.16
32305,53.43
32306,38.56
32307,42.95
32308,34.98
32309,37.29
32310,28.48
32311,14.99
32312,30.59
32313,31.61
32314,39.29
32315,68.52
32316,35.16
32317,38.25
32318,30.62
32319,35.31
32320,40.62
32321,25.2
32322,40.8
32323,29.36
32324,43.63
32325,36.44
32326,22.55
32327,24.54
32328,30.32
32329,23.83
32330,21.14
32331,31.03
32332,23.73
32333,27.13
32334,25.43
32335,32.04
32336,17.44
32337,20.57
32338,20.28
32339,14.64
32340,27.46
32341,26.4
32342,16.49
32343,30.54
32344,26.73
32345,20.05
32346,35.37
32347,33.83
32348,41.29
32349,24.28
32350,32.74
32351,24.19
32352,21.45
32353,25.54
32354,31.63
32355,28.87
32356,17.19
32357,29.36
32358,27.06
32359,19.83
32360,33.58
32361,24.76
32362,31.13
32363,32.69
32364,27.5
32365,38.75
32366,18.33
32367,29.85
32368,28.34
32369,28.86
32370,17.72
32371,23.02
32372,29.0
32373,29.2
32374,22.45
32375,21.32
32376,22.79
32377,39.19
32378,32.92
32379,29.89
32380,36.11
32381,28.33
32382,33.18
32383,34.56
32384,17.04
32385,34.11
32386,20.53
32387,25.26
32388,41.13
32389,26.33
32390,31.1
32391,27.05
32392,27.92
32393,21.24
32394,21.35
32395,30.83
32396,17.54
32397,21.66
32398,42.25
32399,16.85
32400,28.24
32401,39.27
32402,30.14
32403,17.45
32404,47.95
32405,21.54
32406,21.74
32407,11.25
32408,5.87
32409,70.33
32410,43.25
32411,49.21
32412,26.74
32413,48.86
32414,43.22
32415,59.59
32416,56.6
32417,48.43
32418,44.65
32419,44.03
32420,41.0
32421,54.17
32422,54.5
32423,76.6
32424,75.48
32425,39.38
32426,30.79
32427,46.94
32428,49.68
32429,42.45
32430,49.11
32431,40.66
32432,58.21
32433,41.27
32434,39.25
32435,49.02
32436,49.46
32437,44.98
32438,49.57
32439,60.67
32440,38.76
32441,52.61
32442,49.4
32443,59.25
32444,35.99
32445,39.87
32446,38.52
32447,45.77
32448,39.67
32449,41.22
32450,43.76
32451,50.27
32452,42.36
32453,53.3
32454,50.02
32455,49.55
32456,47.05
32457,38.65
32458,40.84
32459,54.78
32460,58.7
32461,82.63
32462,47.12
32463,44.9
32464,36.43
32465,46.78
32466,44.41
32467,48.97
32468,35.29
32469,40.41
32470,53.47
32471,48.07
32472,43.95
32473,36.52
32474,46.23
32475,46.11
32476,39.47
32477,46.21
32478,44.13
32479,35.44
32480,34.66
32481,36.39
32482,39.0
32483,34.69
32484,28.39
32485,57.03
32486,40.68
32487,61.9
32488,53.32
32489,34.06
32490,39.15
32491,41.45
32492,35.77
32493,39.2
32494,36.82
32495,31.47
32496,36.5
32497,36.48
32498,34.09
32499,39.84
32500,39.84
32501,36.07
32502,38.82
32503,72.53
32504,58.01
32505,44.87
32506,38.89
32507,59.41
32508,45.48
32509,40.5
32510,43.27
32511,45.62
32512,33.64
32513,41.13
32514,39.48
32515,44.65
32516,37.91
32517,41.29
32518,52.65
32519,42.8
32520,66.62
32521,44.22
32522,61.02
32523,31.41
32524,38.33
32525,48.69
32526,51.57
32527,37.18
32528,34.66
32529,57.58
32530,75.44
32531,30.63
32532,29.35
32533,11.78
32534,42.02
32535,37.23
32536,38.65
32537,38.64
32538,28.48
32539,38.78
32540,39.41
32541,41.36
32542,42.88
32543,25.87
32544,42.5
32545,65.73
32546,38.83
32547,35.33
32548,37.83
32549,47.33
32550,36.2
32551,10.31
32552,16.84
32553,45.34
32554,39.03
32555,35.4
32556,43.06
32557,28.76
32558,44.06
32559,42.53
32560,28.32
32561,38.65
32562,44.31
32563,43.04
32564,42.8
32565,32.38
32566,39.33
32567,44.68
32568,39.96
32569,36.65
32570,55.21
32571,42.6
32572,33.54
32573,21.03
32574,54.35
32575,35.67
32576,40.74
32577,39.91
32578,38.03
32579,52.66
32580,44.78
32581,44.02
32582,34.21
32583,29.91
32584,29.68
32585,28.18
32586,27.01
32587,19.37
32588,29.66
32589,23.25
32590,19.93
32591,11.46
32592,32.97
32593,23.36
32594,30.05
32595,23.83
32596,25.76
32597,28.57
32598,35.48
32599,29.65
32600,29.14
32601,34.32
32602,31.08
32603,22.75
32604,20.66
32605,20.22
32606,20.74
32607,33.37
32608,25.84
32609,21.12
32610,26.38
32611,28.41
32612,27.5
32613,29.6
32614,23.01
32615,24.39
32616,17.22
32617,25.31
32618,28.17
32619,29.13
32620,17.75
32621,13.97
32622,13.51
32623,12.28
32624,18.08
32625,22.27
32626,24.23
32627,25.47
32628,29.12
32629,17.87
32630,24.48
32631,21.75
32632,32.89
32633,28.98
32634,26.75
32635,22.75
32636,21.94
32637,25.0
32638,28.35
32639,17.49
32640,25.13
32641,23.29
32642,31.45
32643,26.67
32644,26.21
32645,24.33
32646,26.64
32647,29.21
32648,26.4
32649,24.48
32650,23.53
32651,13.89
32652,34.49
32653,31.22
32654,31.68
32655,26.51
32656,24.7
32657,30.9
32658,24.34
32659,23.73
32660,20.07
32661,23.56
32662,26.58
32663,29.12
32664,17.91
32665,28.23
32666,35.63
32667,27.87
32668,28.64
32669,25.2
32670,29.99
32671,20.62
32672,23.7
32673,27.9
32674,38.81
32675,36.47
32676,38.2
32677,34.13
32678,34.03
32679,30.21
32680,36.18
32681,33.53
32682,35.97
32683,46.36
32684,39.86
32685,38.45
32686,34.83
32687,45.8
32688,48.67
32689,29.13
32690,41.21
32691,35.02
32692,42.05
32693,39.92
32694,39.13
32695,34.29
32696,43.84
32697,45.05
32698,37.37
32699,37.14
32700,39.28
32701,40.68
32702,38.35
32703,37.19
32704,41.87
32705,40.37
32706,35.46
32707,47.09
32708,40.58
32709,34.48
32710,45.29
32711,42.4
32712,57.54
32713,42.7
32714,44.37
32715,41.42
32716,34.98
32717,43.11
32718,36.94
32719,43.37
32720,33.84
32721,45.14
32722,42.68
32723,40.67
32724,38.53
32725,31.15
32726,39.56
32727,38.41
32728,31.18
32729,37.98
32730,37.57
32731,25.3
32732,37.58
32733,33.07
32734,50.77
32735,39.43
32736,34.38
32737,35.94
32738,34.61
32739,27.97
32740,33.66
32741,40.45
32742,40.43
32743,44.48
32744,43.26
32745,39.97
32746,38.66
32747,44.49
32748,39.75
32749,46.4
32750,44.68
32751,37.24
32752,32.81
32753,41.54
32754,38.78
32755,47.59
32756,40.84
32757,34.87
32758,48.09
32759,64.93
32760,60.45
32761,37.44
32762,17.94
32763,31.53
32764,38.18
32765,39.19
32766,37.76
32767,39.44
32768,34.02
32769,37.88
32770,37.93
32771,34.01
32772,39.42
32773,53.34
32774,37.64
32775,37.54
32776,33.91
32777,34.45
32778,19.41
32779,41.59
32780,27.26
32781,42.79
32782,30.2
32783,59.27
32784,28.68
32785,25.61
32786,43.61
32787,41.52
32788,40.44
32789,42.44
32790,40.32
32791,39.98
32792,29.38
32793,42.92
32794,42.42
32795,39.28
32796,29.73
32797,18.79
32798,66.36
32799,29.97
32800,25.65
32801,18.28
32802,61.78
32803,31.88
32804,8.52
32805,26.97
32806,39.29
32807,26.16
32808,52.7
32809,32.52
32810,21.79
32811,24.74
32812,35.33
32813,35.96
32814,26.91
32815,44.05
32816,25.62
32817,30.83
32818,37.2
32819,25.36
32820,38.9
32821,31.06
32822,25.18
32823,32.1
32824,62.17
32825,38.9
32826,38.6
32827,31.9
32828,27.74
32829,23.95
32830,29.99
32831,28.63
32832,20.08
